Time_ms;Victim_TEC;Attacker_TEC;Victim_State;Action;Bus_Status
0;0;0;ERROR_ACTIVE;IDLE;IDLE
1;0;0;ERROR_ACTIVE;IDLE;IDLE
2;0;0;ERROR_ACTIVE;IDLE;IDLE
3;0;0;ERROR_ACTIVE;IDLE;IDLE
4;0;0;ERROR_ACTIVE;IDLE;IDLE
5;0;0;ERROR_ACTIVE;IDLE;IDLE
6;0;0;ERROR_ACTIVE;IDLE;IDLE
7;0;0;ERROR_ACTIVE;IDLE;IDLE
8;0;0;ERROR_ACTIVE;IDLE;IDLE
9;0;0;ERROR_ACTIVE;IDLE;IDLE
10;0;0;ERROR_ACTIVE;VICTIM_PERIODIC_SUCCESS;VICTIM_TX
11;0;0;ERROR_ACTIVE;IDLE;IDLE
12;0;0;ERROR_ACTIVE;IDLE;IDLE
13;0;0;ERROR_ACTIVE;IDLE;IDLE
14;0;0;ERROR_ACTIVE;IDLE;IDLE
15;0;0;ERROR_ACTIVE;IDLE;IDLE
16;0;0;ERROR_ACTIVE;IDLE;IDLE
17;0;0;ERROR_ACTIVE;IDLE;IDLE
18;0;0;ERROR_ACTIVE;IDLE;IDLE
19;0;0;ERROR_ACTIVE;IDLE;IDLE
20;0;0;ERROR_ACTIVE;VICTIM_PERIODIC_SUCCESS;VICTIM_TX
21;0;0;ERROR_ACTIVE;IDLE;IDLE
22;0;0;ERROR_ACTIVE;IDLE;IDLE
23;0;0;ERROR_ACTIVE;IDLE;IDLE
24;0;0;ERROR_ACTIVE;IDLE;IDLE
25;0;0;ERROR_ACTIVE;IDLE;IDLE
26;0;0;ERROR_ACTIVE;IDLE;IDLE
27;0;0;ERROR_ACTIVE;IDLE;IDLE
28;0;0;ERROR_ACTIVE;IDLE;IDLE
29;0;0;ERROR_ACTIVE;IDLE;IDLE
30;0;0;ERROR_ACTIVE;SKIPPING_TX;VICTIM_TX
31;0;0;ERROR_ACTIVE;ATTACKER_RECOVERY;ATTACKER_BG_TX
32;0;0;ERROR_ACTIVE;ATTACKER_RECOVERY;ATTACKER_BG_TX
33;0;0;ERROR_ACTIVE;IDLE;IDLE
34;0;0;ERROR_ACTIVE;IDLE;IDLE
35;0;0;ERROR_ACTIVE;IDLE;IDLE
36;0;0;ERROR_ACTIVE;IDLE;IDLE
37;0;0;ERROR_ACTIVE;IDLE;IDLE
38;0;0;ERROR_ACTIVE;IDLE;IDLE
39;0;0;ERROR_ACTIVE;IDLE;IDLE
40;0;0;ERROR_ACTIVE;SKIPPING_TX;VICTIM_TX
41;0;0;ERROR_ACTIVE;ATTACKER_RECOVERY;ATTACKER_BG_TX
42;0;0;ERROR_ACTIVE;ATTACKER_RECOVERY;ATTACKER_BG_TX
43;0;0;ERROR_ACTIVE;IDLE;IDLE
44;0;0;ERROR_ACTIVE;IDLE;IDLE
45;0;0;ERROR_ACTIVE;IDLE;IDLE
46;0;0;ERROR_ACTIVE;IDLE;IDLE
47;0;0;ERROR_ACTIVE;IDLE;IDLE
48;0;0;ERROR_ACTIVE;IDLE;IDLE
49;0;0;ERROR_ACTIVE;IDLE;IDLE
50;8;8;ERROR_ACTIVE;ATTACK_COLLISION;VICTIM_TX
51;7;8;ERROR_ACTIVE;VICTIM_RETRANSMIT_SUCCESS;VICTIM_TX
52;7;7;ERROR_ACTIVE;ATTACKER_RECOVERY;ATTACKER_BG_TX
53;7;6;ERROR_ACTIVE;ATTACKER_RECOVERY;ATTACKER_BG_TX
54;7;6;ERROR_ACTIVE;IDLE;IDLE
55;7;6;ERROR_ACTIVE;IDLE;IDLE
56;7;6;ERROR_ACTIVE;IDLE;IDLE
57;7;6;ERROR_ACTIVE;IDLE;IDLE
58;7;6;ERROR_ACTIVE;IDLE;IDLE
59;7;6;ERROR_ACTIVE;IDLE;IDLE
60;6;6;ERROR_ACTIVE;SKIPPING_TX;VICTIM_TX
61;6;5;ERROR_ACTIVE;ATTACKER_RECOVERY;ATTACKER_BG_TX
62;6;4;ERROR_ACTIVE;ATTACKER_RECOVERY;ATTACKER_BG_TX
63;6;4;ERROR_ACTIVE;IDLE;IDLE
64;6;4;ERROR_ACTIVE;IDLE;IDLE
65;6;4;ERROR_ACTIVE;IDLE;IDLE
66;6;4;ERROR_ACTIVE;IDLE;IDLE
67;6;4;ERROR_ACTIVE;IDLE;IDLE
68;6;4;ERROR_ACTIVE;IDLE;IDLE
69;6;4;ERROR_ACTIVE;IDLE;IDLE
70;5;4;ERROR_ACTIVE;SKIPPING_TX;VICTIM_TX
71;5;3;ERROR_ACTIVE;ATTACKER_RECOVERY;ATTACKER_BG_TX
72;5;2;ERROR_ACTIVE;ATTACKER_RECOVERY;ATTACKER_BG_TX
73;5;2;ERROR_ACTIVE;IDLE;IDLE
74;5;2;ERROR_ACTIVE;IDLE;IDLE
75;5;2;ERROR_ACTIVE;IDLE;IDLE
76;5;2;ERROR_ACTIVE;IDLE;IDLE
77;5;2;ERROR_ACTIVE;IDLE;IDLE
78;5;2;ERROR_ACTIVE;IDLE;IDLE
79;5;2;ERROR_ACTIVE;IDLE;IDLE
80;13;10;ERROR_ACTIVE;ATTACK_COLLISION;VICTIM_TX
81;12;10;ERROR_ACTIVE;VICTIM_RETRANSMIT_SUCCESS;VICTIM_TX
82;12;9;ERROR_ACTIVE;ATTACKER_RECOVERY;ATTACKER_BG_TX
83;12;8;ERROR_ACTIVE;ATTACKER_RECOVERY;ATTACKER_BG_TX
84;12;8;ERROR_ACTIVE;IDLE;IDLE
85;12;8;ERROR_ACTIVE;IDLE;IDLE
86;12;8;ERROR_ACTIVE;IDLE;IDLE
87;12;8;ERROR_ACTIVE;IDLE;IDLE
88;12;8;ERROR_ACTIVE;IDLE;IDLE
89;12;8;ERROR_ACTIVE;IDLE;IDLE
90;11;8;ERROR_ACTIVE;SKIPPING_TX;VICTIM_TX
91;11;7;ERROR_ACTIVE;ATTACKER_RECOVERY;ATTACKER_BG_TX
92;11;6;ERROR_ACTIVE;ATTACKER_RECOVERY;ATTACKER_BG_TX
93;11;6;ERROR_ACTIVE;IDLE;IDLE
94;11;6;ERROR_ACTIVE;IDLE;IDLE
95;11;6;ERROR_ACTIVE;IDLE;IDLE
96;11;6;ERROR_ACTIVE;IDLE;IDLE
97;11;6;ERROR_ACTIVE;IDLE;IDLE
98;11;6;ERROR_ACTIVE;IDLE;IDLE
99;11;6;ERROR_ACTIVE;IDLE;IDLE
100;10;6;ERROR_ACTIVE;SKIPPING_TX;VICTIM_TX
101;10;5;ERROR_ACTIVE;ATTACKER_RECOVERY;ATTACKER_BG_TX
102;10;4;ERROR_ACTIVE;ATTACKER_RECOVERY;ATTACKER_BG_TX
103;10;4;ERROR_ACTIVE;IDLE;IDLE
104;10;4;ERROR_ACTIVE;IDLE;IDLE
105;10;4;ERROR_ACTIVE;IDLE;IDLE
106;10;4;ERROR_ACTIVE;IDLE;IDLE
107;10;4;ERROR_ACTIVE;IDLE;IDLE
108;10;4;ERROR_ACTIVE;IDLE;IDLE
109;10;4;ERROR_ACTIVE;IDLE;IDLE
110;18;12;ERROR_ACTIVE;ATTACK_COLLISION;VICTIM_TX
111;17;12;ERROR_ACTIVE;VICTIM_RETRANSMIT_SUCCESS;VICTIM_TX
112;17;11;ERROR_ACTIVE;ATTACKER_RECOVERY;ATTACKER_BG_TX
113;17;10;ERROR_ACTIVE;ATTACKER_RECOVERY;ATTACKER_BG_TX
114;17;10;ERROR_ACTIVE;IDLE;IDLE
115;17;10;ERROR_ACTIVE;IDLE;IDLE
116;17;10;ERROR_ACTIVE;IDLE;IDLE
117;17;10;ERROR_ACTIVE;IDLE;IDLE
118;17;10;ERROR_ACTIVE;IDLE;IDLE
119;17;10;ERROR_ACTIVE;IDLE;IDLE
120;16;10;ERROR_ACTIVE;SKIPPING_TX;VICTIM_TX
121;16;9;ERROR_ACTIVE;ATTACKER_RECOVERY;ATTACKER_BG_TX
122;16;8;ERROR_ACTIVE;ATTACKER_RECOVERY;ATTACKER_BG_TX
123;16;8;ERROR_ACTIVE;IDLE;IDLE
124;16;8;ERROR_ACTIVE;IDLE;IDLE
125;16;8;ERROR_ACTIVE;IDLE;IDLE
126;16;8;ERROR_ACTIVE;IDLE;IDLE
127;16;8;ERROR_ACTIVE;IDLE;IDLE
128;16;8;ERROR_ACTIVE;IDLE;IDLE
129;16;8;ERROR_ACTIVE;IDLE;IDLE
130;15;8;ERROR_ACTIVE;SKIPPING_TX;VICTIM_TX
131;15;7;ERROR_ACTIVE;ATTACKER_RECOVERY;ATTACKER_BG_TX
132;15;6;ERROR_ACTIVE;ATTACKER_RECOVERY;ATTACKER_BG_TX
133;15;6;ERROR_ACTIVE;IDLE;IDLE
134;15;6;ERROR_ACTIVE;IDLE;IDLE
135;15;6;ERROR_ACTIVE;IDLE;IDLE
136;15;6;ERROR_ACTIVE;IDLE;IDLE
137;15;6;ERROR_ACTIVE;IDLE;IDLE
138;15;6;ERROR_ACTIVE;IDLE;IDLE
139;15;6;ERROR_ACTIVE;IDLE;IDLE
140;23;14;ERROR_ACTIVE;ATTACK_COLLISION;VICTIM_TX
141;22;14;ERROR_ACTIVE;VICTIM_RETRANSMIT_SUCCESS;VICTIM_TX
142;22;13;ERROR_ACTIVE;ATTACKER_RECOVERY;ATTACKER_BG_TX
143;22;12;ERROR_ACTIVE;ATTACKER_RECOVERY;ATTACKER_BG_TX
144;22;12;ERROR_ACTIVE;IDLE;IDLE
145;22;12;ERROR_ACTIVE;IDLE;IDLE
146;22;12;ERROR_ACTIVE;IDLE;IDLE
147;22;12;ERROR_ACTIVE;IDLE;IDLE
148;22;12;ERROR_ACTIVE;IDLE;IDLE
149;22;12;ERROR_ACTIVE;IDLE;IDLE
150;21;12;ERROR_ACTIVE;SKIPPING_TX;VICTIM_TX
151;21;11;ERROR_ACTIVE;ATTACKER_RECOVERY;ATTACKER_BG_TX
152;21;10;ERROR_ACTIVE;ATTACKER_RECOVERY;ATTACKER_BG_TX
153;21;10;ERROR_ACTIVE;IDLE;IDLE
154;21;10;ERROR_ACTIVE;IDLE;IDLE
155;21;10;ERROR_ACTIVE;IDLE;IDLE
156;21;10;ERROR_ACTIVE;IDLE;IDLE
157;21;10;ERROR_ACTIVE;IDLE;IDLE
158;21;10;ERROR_ACTIVE;IDLE;IDLE
159;21;10;ERROR_ACTIVE;IDLE;IDLE
160;20;10;ERROR_ACTIVE;SKIPPING_TX;VICTIM_TX
161;20;9;ERROR_ACTIVE;ATTACKER_RECOVERY;ATTACKER_BG_TX
162;20;8;ERROR_ACTIVE;ATTACKER_RECOVERY;ATTACKER_BG_TX
163;20;8;ERROR_ACTIVE;IDLE;IDLE
164;20;8;ERROR_ACTIVE;IDLE;IDLE
165;20;8;ERROR_ACTIVE;IDLE;IDLE
166;20;8;ERROR_ACTIVE;IDLE;IDLE
167;20;8;ERROR_ACTIVE;IDLE;IDLE
168;20;8;ERROR_ACTIVE;IDLE;IDLE
169;20;8;ERROR_ACTIVE;IDLE;IDLE
170;28;16;ERROR_ACTIVE;ATTACK_COLLISION;VICTIM_TX
171;27;16;ERROR_ACTIVE;VICTIM_RETRANSMIT_SUCCESS;VICTIM_TX
172;27;15;ERROR_ACTIVE;ATTACKER_RECOVERY;ATTACKER_BG_TX
173;27;14;ERROR_ACTIVE;ATTACKER_RECOVERY;ATTACKER_BG_TX
174;27;14;ERROR_ACTIVE;IDLE;IDLE
175;27;14;ERROR_ACTIVE;IDLE;IDLE
176;27;14;ERROR_ACTIVE;IDLE;IDLE
177;27;14;ERROR_ACTIVE;IDLE;IDLE
178;27;14;ERROR_ACTIVE;IDLE;IDLE
179;27;14;ERROR_ACTIVE;IDLE;IDLE
180;26;14;ERROR_ACTIVE;SKIPPING_TX;VICTIM_TX
181;26;13;ERROR_ACTIVE;ATTACKER_RECOVERY;ATTACKER_BG_TX
182;26;12;ERROR_ACTIVE;ATTACKER_RECOVERY;ATTACKER_BG_TX
183;26;12;ERROR_ACTIVE;IDLE;IDLE
184;26;12;ERROR_ACTIVE;IDLE;IDLE
185;26;12;ERROR_ACTIVE;IDLE;IDLE
186;26;12;ERROR_ACTIVE;IDLE;IDLE
187;26;12;ERROR_ACTIVE;IDLE;IDLE
188;26;12;ERROR_ACTIVE;IDLE;IDLE
189;26;12;ERROR_ACTIVE;IDLE;IDLE
190;25;12;ERROR_ACTIVE;SKIPPING_TX;VICTIM_TX
191;25;11;ERROR_ACTIVE;ATTACKER_RECOVERY;ATTACKER_BG_TX
192;25;10;ERROR_ACTIVE;ATTACKER_RECOVERY;ATTACKER_BG_TX
193;25;10;ERROR_ACTIVE;IDLE;IDLE
194;25;10;ERROR_ACTIVE;IDLE;IDLE
195;25;10;ERROR_ACTIVE;IDLE;IDLE
196;25;10;ERROR_ACTIVE;IDLE;IDLE
197;25;10;ERROR_ACTIVE;IDLE;IDLE
198;25;10;ERROR_ACTIVE;IDLE;IDLE
199;25;10;ERROR_ACTIVE;IDLE;IDLE
200;33;18;ERROR_ACTIVE;ATTACK_COLLISION;VICTIM_TX
201;32;18;ERROR_ACTIVE;VICTIM_RETRANSMIT_SUCCESS;VICTIM_TX
202;32;17;ERROR_ACTIVE;ATTACKER_RECOVERY;ATTACKER_BG_TX
203;32;16;ERROR_ACTIVE;ATTACKER_RECOVERY;ATTACKER_BG_TX
204;32;16;ERROR_ACTIVE;IDLE;IDLE
205;32;16;ERROR_ACTIVE;IDLE;IDLE
206;32;16;ERROR_ACTIVE;IDLE;IDLE
207;32;16;ERROR_ACTIVE;IDLE;IDLE
208;32;16;ERROR_ACTIVE;IDLE;IDLE
209;32;16;ERROR_ACTIVE;IDLE;IDLE
210;31;16;ERROR_ACTIVE;SKIPPING_TX;VICTIM_TX
211;31;15;ERROR_ACTIVE;ATTACKER_RECOVERY;ATTACKER_BG_TX
212;31;14;ERROR_ACTIVE;ATTACKER_RECOVERY;ATTACKER_BG_TX
213;31;14;ERROR_ACTIVE;IDLE;IDLE
214;31;14;ERROR_ACTIVE;IDLE;IDLE
215;31;14;ERROR_ACTIVE;IDLE;IDLE
216;31;14;ERROR_ACTIVE;IDLE;IDLE
217;31;14;ERROR_ACTIVE;IDLE;IDLE
218;31;14;ERROR_ACTIVE;IDLE;IDLE
219;31;14;ERROR_ACTIVE;IDLE;IDLE
220;30;14;ERROR_ACTIVE;SKIPPING_TX;VICTIM_TX
221;30;13;ERROR_ACTIVE;ATTACKER_RECOVERY;ATTACKER_BG_TX
222;30;12;ERROR_ACTIVE;ATTACKER_RECOVERY;ATTACKER_BG_TX
223;30;12;ERROR_ACTIVE;IDLE;IDLE
224;30;12;ERROR_ACTIVE;IDLE;IDLE
225;30;12;ERROR_ACTIVE;IDLE;IDLE
226;30;12;ERROR_ACTIVE;IDLE;IDLE
227;30;12;ERROR_ACTIVE;IDLE;IDLE
228;30;12;ERROR_ACTIVE;IDLE;IDLE
229;30;12;ERROR_ACTIVE;IDLE;IDLE
230;38;20;ERROR_ACTIVE;ATTACK_COLLISION;VICTIM_TX
231;37;20;ERROR_ACTIVE;VICTIM_RETRANSMIT_SUCCESS;VICTIM_TX
232;37;19;ERROR_ACTIVE;ATTACKER_RECOVERY;ATTACKER_BG_TX
233;37;18;ERROR_ACTIVE;ATTACKER_RECOVERY;ATTACKER_BG_TX
234;37;18;ERROR_ACTIVE;IDLE;IDLE
235;37;18;ERROR_ACTIVE;IDLE;IDLE
236;37;18;ERROR_ACTIVE;IDLE;IDLE
237;37;18;ERROR_ACTIVE;IDLE;IDLE
238;37;18;ERROR_ACTIVE;IDLE;IDLE
239;37;18;ERROR_ACTIVE;IDLE;IDLE
240;36;18;ERROR_ACTIVE;SKIPPING_TX;VICTIM_TX
241;36;17;ERROR_ACTIVE;ATTACKER_RECOVERY;ATTACKER_BG_TX
242;36;16;ERROR_ACTIVE;ATTACKER_RECOVERY;ATTACKER_BG_TX
243;36;16;ERROR_ACTIVE;IDLE;IDLE
244;36;16;ERROR_ACTIVE;IDLE;IDLE
245;36;16;ERROR_ACTIVE;IDLE;IDLE
246;36;16;ERROR_ACTIVE;IDLE;IDLE
247;36;16;ERROR_ACTIVE;IDLE;IDLE
248;36;16;ERROR_ACTIVE;IDLE;IDLE
249;36;16;ERROR_ACTIVE;IDLE;IDLE
250;35;16;ERROR_ACTIVE;SKIPPING_TX;VICTIM_TX
251;35;15;ERROR_ACTIVE;ATTACKER_RECOVERY;ATTACKER_BG_TX
252;35;14;ERROR_ACTIVE;ATTACKER_RECOVERY;ATTACKER_BG_TX
253;35;14;ERROR_ACTIVE;IDLE;IDLE
254;35;14;ERROR_ACTIVE;IDLE;IDLE
255;35;14;ERROR_ACTIVE;IDLE;IDLE
256;35;14;ERROR_ACTIVE;IDLE;IDLE
257;35;14;ERROR_ACTIVE;IDLE;IDLE
258;35;14;ERROR_ACTIVE;IDLE;IDLE
259;35;14;ERROR_ACTIVE;IDLE;IDLE
260;43;22;ERROR_ACTIVE;ATTACK_COLLISION;VICTIM_TX
261;42;22;ERROR_ACTIVE;VICTIM_RETRANSMIT_SUCCESS;VICTIM_TX
262;42;21;ERROR_ACTIVE;ATTACKER_RECOVERY;ATTACKER_BG_TX
263;42;20;ERROR_ACTIVE;ATTACKER_RECOVERY;ATTACKER_BG_TX
264;42;20;ERROR_ACTIVE;IDLE;IDLE
265;42;20;ERROR_ACTIVE;IDLE;IDLE
266;42;20;ERROR_ACTIVE;IDLE;IDLE
267;42;20;ERROR_ACTIVE;IDLE;IDLE
268;42;20;ERROR_ACTIVE;IDLE;IDLE
269;42;20;ERROR_ACTIVE;IDLE;IDLE
270;41;20;ERROR_ACTIVE;SKIPPING_TX;VICTIM_TX
271;41;19;ERROR_ACTIVE;ATTACKER_RECOVERY;ATTACKER_BG_TX
272;41;18;ERROR_ACTIVE;ATTACKER_RECOVERY;ATTACKER_BG_TX
273;41;18;ERROR_ACTIVE;IDLE;IDLE
274;41;18;ERROR_ACTIVE;IDLE;IDLE
275;41;18;ERROR_ACTIVE;IDLE;IDLE
276;41;18;ERROR_ACTIVE;IDLE;IDLE
277;41;18;ERROR_ACTIVE;IDLE;IDLE
278;41;18;ERROR_ACTIVE;IDLE;IDLE
279;41;18;ERROR_ACTIVE;IDLE;IDLE
280;40;18;ERROR_ACTIVE;SKIPPING_TX;VICTIM_TX
281;40;17;ERROR_ACTIVE;ATTACKER_RECOVERY;ATTACKER_BG_TX
282;40;16;ERROR_ACTIVE;ATTACKER_RECOVERY;ATTACKER_BG_TX
283;40;16;ERROR_ACTIVE;IDLE;IDLE
284;40;16;ERROR_ACTIVE;IDLE;IDLE
285;40;16;ERROR_ACTIVE;IDLE;IDLE
286;40;16;ERROR_ACTIVE;IDLE;IDLE
287;40;16;ERROR_ACTIVE;IDLE;IDLE
288;40;16;ERROR_ACTIVE;IDLE;IDLE
289;40;16;ERROR_ACTIVE;IDLE;IDLE
290;48;24;ERROR_ACTIVE;ATTACK_COLLISION;VICTIM_TX
291;47;24;ERROR_ACTIVE;VICTIM_RETRANSMIT_SUCCESS;VICTIM_TX
292;47;23;ERROR_ACTIVE;ATTACKER_RECOVERY;ATTACKER_BG_TX
293;47;22;ERROR_ACTIVE;ATTACKER_RECOVERY;ATTACKER_BG_TX
294;47;22;ERROR_ACTIVE;IDLE;IDLE
295;47;22;ERROR_ACTIVE;IDLE;IDLE
296;47;22;ERROR_ACTIVE;IDLE;IDLE
297;47;22;ERROR_ACTIVE;IDLE;IDLE
298;47;22;ERROR_ACTIVE;IDLE;IDLE
299;47;22;ERROR_ACTIVE;IDLE;IDLE
300;46;22;ERROR_ACTIVE;SKIPPING_TX;VICTIM_TX
301;46;21;ERROR_ACTIVE;ATTACKER_RECOVERY;ATTACKER_BG_TX
302;46;20;ERROR_ACTIVE;ATTACKER_RECOVERY;ATTACKER_BG_TX
303;46;20;ERROR_ACTIVE;IDLE;IDLE
304;46;20;ERROR_ACTIVE;IDLE;IDLE
305;46;20;ERROR_ACTIVE;IDLE;IDLE
306;46;20;ERROR_ACTIVE;IDLE;IDLE
307;46;20;ERROR_ACTIVE;IDLE;IDLE
308;46;20;ERROR_ACTIVE;IDLE;IDLE
309;46;20;ERROR_ACTIVE;IDLE;IDLE
310;45;20;ERROR_ACTIVE;SKIPPING_TX;VICTIM_TX
311;45;19;ERROR_ACTIVE;ATTACKER_RECOVERY;ATTACKER_BG_TX
312;45;18;ERROR_ACTIVE;ATTACKER_RECOVERY;ATTACKER_BG_TX
313;45;18;ERROR_ACTIVE;IDLE;IDLE
314;45;18;ERROR_ACTIVE;IDLE;IDLE
315;45;18;ERROR_ACTIVE;IDLE;IDLE
316;45;18;ERROR_ACTIVE;IDLE;IDLE
317;45;18;ERROR_ACTIVE;IDLE;IDLE
318;45;18;ERROR_ACTIVE;IDLE;IDLE
319;45;18;ERROR_ACTIVE;IDLE;IDLE
320;53;26;ERROR_ACTIVE;ATTACK_COLLISION;VICTIM_TX
321;52;26;ERROR_ACTIVE;VICTIM_RETRANSMIT_SUCCESS;VICTIM_TX
322;52;25;ERROR_ACTIVE;ATTACKER_RECOVERY;ATTACKER_BG_TX
323;52;24;ERROR_ACTIVE;ATTACKER_RECOVERY;ATTACKER_BG_TX
324;52;24;ERROR_ACTIVE;IDLE;IDLE
325;52;24;ERROR_ACTIVE;IDLE;IDLE
326;52;24;ERROR_ACTIVE;IDLE;IDLE
327;52;24;ERROR_ACTIVE;IDLE;IDLE
328;52;24;ERROR_ACTIVE;IDLE;IDLE
329;52;24;ERROR_ACTIVE;IDLE;IDLE
330;51;24;ERROR_ACTIVE;SKIPPING_TX;VICTIM_TX
331;51;23;ERROR_ACTIVE;ATTACKER_RECOVERY;ATTACKER_BG_TX
332;51;22;ERROR_ACTIVE;ATTACKER_RECOVERY;ATTACKER_BG_TX
333;51;22;ERROR_ACTIVE;IDLE;IDLE
334;51;22;ERROR_ACTIVE;IDLE;IDLE
335;51;22;ERROR_ACTIVE;IDLE;IDLE
336;51;22;ERROR_ACTIVE;IDLE;IDLE
337;51;22;ERROR_ACTIVE;IDLE;IDLE
338;51;22;ERROR_ACTIVE;IDLE;IDLE
339;51;22;ERROR_ACTIVE;IDLE;IDLE
340;50;22;ERROR_ACTIVE;SKIPPING_TX;VICTIM_TX
341;50;21;ERROR_ACTIVE;ATTACKER_RECOVERY;ATTACKER_BG_TX
342;50;20;ERROR_ACTIVE;ATTACKER_RECOVERY;ATTACKER_BG_TX
343;50;20;ERROR_ACTIVE;IDLE;IDLE
344;50;20;ERROR_ACTIVE;IDLE;IDLE
345;50;20;ERROR_ACTIVE;IDLE;IDLE
346;50;20;ERROR_ACTIVE;IDLE;IDLE
347;50;20;ERROR_ACTIVE;IDLE;IDLE
348;50;20;ERROR_ACTIVE;IDLE;IDLE
349;50;20;ERROR_ACTIVE;IDLE;IDLE
350;58;28;ERROR_ACTIVE;ATTACK_COLLISION;VICTIM_TX
351;57;28;ERROR_ACTIVE;VICTIM_RETRANSMIT_SUCCESS;VICTIM_TX
352;57;27;ERROR_ACTIVE;ATTACKER_RECOVERY;ATTACKER_BG_TX
353;57;26;ERROR_ACTIVE;ATTACKER_RECOVERY;ATTACKER_BG_TX
354;57;26;ERROR_ACTIVE;IDLE;IDLE
355;57;26;ERROR_ACTIVE;IDLE;IDLE
356;57;26;ERROR_ACTIVE;IDLE;IDLE
357;57;26;ERROR_ACTIVE;IDLE;IDLE
358;57;26;ERROR_ACTIVE;IDLE;IDLE
359;57;26;ERROR_ACTIVE;IDLE;IDLE
360;56;26;ERROR_ACTIVE;SKIPPING_TX;VICTIM_TX
361;56;25;ERROR_ACTIVE;ATTACKER_RECOVERY;ATTACKER_BG_TX
362;56;24;ERROR_ACTIVE;ATTACKER_RECOVERY;ATTACKER_BG_TX
363;56;24;ERROR_ACTIVE;IDLE;IDLE
364;56;24;ERROR_ACTIVE;IDLE;IDLE
365;56;24;ERROR_ACTIVE;IDLE;IDLE
366;56;24;ERROR_ACTIVE;IDLE;IDLE
367;56;24;ERROR_ACTIVE;IDLE;IDLE
368;56;24;ERROR_ACTIVE;IDLE;IDLE
369;56;24;ERROR_ACTIVE;IDLE;IDLE
370;55;24;ERROR_ACTIVE;SKIPPING_TX;VICTIM_TX
371;55;23;ERROR_ACTIVE;ATTACKER_RECOVERY;ATTACKER_BG_TX
372;55;22;ERROR_ACTIVE;ATTACKER_RECOVERY;ATTACKER_BG_TX
373;55;22;ERROR_ACTIVE;IDLE;IDLE
374;55;22;ERROR_ACTIVE;IDLE;IDLE
375;55;22;ERROR_ACTIVE;IDLE;IDLE
376;55;22;ERROR_ACTIVE;IDLE;IDLE
377;55;22;ERROR_ACTIVE;IDLE;IDLE
378;55;22;ERROR_ACTIVE;IDLE;IDLE
379;55;22;ERROR_ACTIVE;IDLE;IDLE
380;63;30;ERROR_ACTIVE;ATTACK_COLLISION;VICTIM_TX
381;62;30;ERROR_ACTIVE;VICTIM_RETRANSMIT_SUCCESS;VICTIM_TX
382;62;29;ERROR_ACTIVE;ATTACKER_RECOVERY;ATTACKER_BG_TX
383;62;28;ERROR_ACTIVE;ATTACKER_RECOVERY;ATTACKER_BG_TX
384;62;28;ERROR_ACTIVE;IDLE;IDLE
385;62;28;ERROR_ACTIVE;IDLE;IDLE
386;62;28;ERROR_ACTIVE;IDLE;IDLE
387;62;28;ERROR_ACTIVE;IDLE;IDLE
388;62;28;ERROR_ACTIVE;IDLE;IDLE
389;62;28;ERROR_ACTIVE;IDLE;IDLE
390;61;28;ERROR_ACTIVE;SKIPPING_TX;VICTIM_TX
391;61;27;ERROR_ACTIVE;ATTACKER_RECOVERY;ATTACKER_BG_TX
392;61;26;ERROR_ACTIVE;ATTACKER_RECOVERY;ATTACKER_BG_TX
393;61;26;ERROR_ACTIVE;IDLE;IDLE
394;61;26;ERROR_ACTIVE;IDLE;IDLE
395;61;26;ERROR_ACTIVE;IDLE;IDLE
396;61;26;ERROR_ACTIVE;IDLE;IDLE
397;61;26;ERROR_ACTIVE;IDLE;IDLE
398;61;26;ERROR_ACTIVE;IDLE;IDLE
399;61;26;ERROR_ACTIVE;IDLE;IDLE
400;60;26;ERROR_ACTIVE;SKIPPING_TX;VICTIM_TX
401;60;25;ERROR_ACTIVE;ATTACKER_RECOVERY;ATTACKER_BG_TX
402;60;24;ERROR_ACTIVE;ATTACKER_RECOVERY;ATTACKER_BG_TX
403;60;24;ERROR_ACTIVE;IDLE;IDLE
404;60;24;ERROR_ACTIVE;IDLE;IDLE
405;60;24;ERROR_ACTIVE;IDLE;IDLE
406;60;24;ERROR_ACTIVE;IDLE;IDLE
407;60;24;ERROR_ACTIVE;IDLE;IDLE
408;60;24;ERROR_ACTIVE;IDLE;IDLE
409;60;24;ERROR_ACTIVE;IDLE;IDLE
410;68;32;ERROR_ACTIVE;ATTACK_COLLISION;VICTIM_TX
411;67;32;ERROR_ACTIVE;VICTIM_RETRANSMIT_SUCCESS;VICTIM_TX
412;67;31;ERROR_ACTIVE;ATTACKER_RECOVERY;ATTACKER_BG_TX
413;67;30;ERROR_ACTIVE;ATTACKER_RECOVERY;ATTACKER_BG_TX
414;67;30;ERROR_ACTIVE;IDLE;IDLE
415;67;30;ERROR_ACTIVE;IDLE;IDLE
416;67;30;ERROR_ACTIVE;IDLE;IDLE
417;67;30;ERROR_ACTIVE;IDLE;IDLE
418;67;30;ERROR_ACTIVE;IDLE;IDLE
419;67;30;ERROR_ACTIVE;IDLE;IDLE
420;66;30;ERROR_ACTIVE;SKIPPING_TX;VICTIM_TX
421;66;29;ERROR_ACTIVE;ATTACKER_RECOVERY;ATTACKER_BG_TX
422;66;28;ERROR_ACTIVE;ATTACKER_RECOVERY;ATTACKER_BG_TX
423;66;28;ERROR_ACTIVE;IDLE;IDLE
424;66;28;ERROR_ACTIVE;IDLE;IDLE
425;66;28;ERROR_ACTIVE;IDLE;IDLE
426;66;28;ERROR_ACTIVE;IDLE;IDLE
427;66;28;ERROR_ACTIVE;IDLE;IDLE
428;66;28;ERROR_ACTIVE;IDLE;IDLE
429;66;28;ERROR_ACTIVE;IDLE;IDLE
430;65;28;ERROR_ACTIVE;SKIPPING_TX;VICTIM_TX
431;65;27;ERROR_ACTIVE;ATTACKER_RECOVERY;ATTACKER_BG_TX
432;65;26;ERROR_ACTIVE;ATTACKER_RECOVERY;ATTACKER_BG_TX
433;65;26;ERROR_ACTIVE;IDLE;IDLE
434;65;26;ERROR_ACTIVE;IDLE;IDLE
435;65;26;ERROR_ACTIVE;IDLE;IDLE
436;65;26;ERROR_ACTIVE;IDLE;IDLE
437;65;26;ERROR_ACTIVE;IDLE;IDLE
438;65;26;ERROR_ACTIVE;IDLE;IDLE
439;65;26;ERROR_ACTIVE;IDLE;IDLE
440;73;34;ERROR_ACTIVE;ATTACK_COLLISION;VICTIM_TX
441;72;34;ERROR_ACTIVE;VICTIM_RETRANSMIT_SUCCESS;VICTIM_TX
442;72;33;ERROR_ACTIVE;ATTACKER_RECOVERY;ATTACKER_BG_TX
443;72;32;ERROR_ACTIVE;ATTACKER_RECOVERY;ATTACKER_BG_TX
444;72;32;ERROR_ACTIVE;IDLE;IDLE
445;72;32;ERROR_ACTIVE;IDLE;IDLE
446;72;32;ERROR_ACTIVE;IDLE;IDLE
447;72;32;ERROR_ACTIVE;IDLE;IDLE
448;72;32;ERROR_ACTIVE;IDLE;IDLE
449;72;32;ERROR_ACTIVE;IDLE;IDLE
450;71;32;ERROR_ACTIVE;SKIPPING_TX;VICTIM_TX
451;71;31;ERROR_ACTIVE;ATTACKER_RECOVERY;ATTACKER_BG_TX
452;71;30;ERROR_ACTIVE;ATTACKER_RECOVERY;ATTACKER_BG_TX
453;71;30;ERROR_ACTIVE;IDLE;IDLE
454;71;30;ERROR_ACTIVE;IDLE;IDLE
455;71;30;ERROR_ACTIVE;IDLE;IDLE
456;71;30;ERROR_ACTIVE;IDLE;IDLE
457;71;30;ERROR_ACTIVE;IDLE;IDLE
458;71;30;ERROR_ACTIVE;IDLE;IDLE
459;71;30;ERROR_ACTIVE;IDLE;IDLE
460;70;30;ERROR_ACTIVE;SKIPPING_TX;VICTIM_TX
461;70;29;ERROR_ACTIVE;ATTACKER_RECOVERY;ATTACKER_BG_TX
462;70;28;ERROR_ACTIVE;ATTACKER_RECOVERY;ATTACKER_BG_TX
463;70;28;ERROR_ACTIVE;IDLE;IDLE
464;70;28;ERROR_ACTIVE;IDLE;IDLE
465;70;28;ERROR_ACTIVE;IDLE;IDLE
466;70;28;ERROR_ACTIVE;IDLE;IDLE
467;70;28;ERROR_ACTIVE;IDLE;IDLE
468;70;28;ERROR_ACTIVE;IDLE;IDLE
469;70;28;ERROR_ACTIVE;IDLE;IDLE
470;78;36;ERROR_ACTIVE;ATTACK_COLLISION;VICTIM_TX
471;77;36;ERROR_ACTIVE;VICTIM_RETRANSMIT_SUCCESS;VICTIM_TX
472;77;35;ERROR_ACTIVE;ATTACKER_RECOVERY;ATTACKER_BG_TX
473;77;34;ERROR_ACTIVE;ATTACKER_RECOVERY;ATTACKER_BG_TX
474;77;34;ERROR_ACTIVE;IDLE;IDLE
475;77;34;ERROR_ACTIVE;IDLE;IDLE
476;77;34;ERROR_ACTIVE;IDLE;IDLE
477;77;34;ERROR_ACTIVE;IDLE;IDLE
478;77;34;ERROR_ACTIVE;IDLE;IDLE
479;77;34;ERROR_ACTIVE;IDLE;IDLE
480;76;34;ERROR_ACTIVE;SKIPPING_TX;VICTIM_TX
481;76;33;ERROR_ACTIVE;ATTACKER_RECOVERY;ATTACKER_BG_TX
482;76;32;ERROR_ACTIVE;ATTACKER_RECOVERY;ATTACKER_BG_TX
483;76;32;ERROR_ACTIVE;IDLE;IDLE
484;76;32;ERROR_ACTIVE;IDLE;IDLE
485;76;32;ERROR_ACTIVE;IDLE;IDLE
486;76;32;ERROR_ACTIVE;IDLE;IDLE
487;76;32;ERROR_ACTIVE;IDLE;IDLE
488;76;32;ERROR_ACTIVE;IDLE;IDLE
489;76;32;ERROR_ACTIVE;IDLE;IDLE
490;75;32;ERROR_ACTIVE;SKIPPING_TX;VICTIM_TX
491;75;31;ERROR_ACTIVE;ATTACKER_RECOVERY;ATTACKER_BG_TX
492;75;30;ERROR_ACTIVE;ATTACKER_RECOVERY;ATTACKER_BG_TX
493;75;30;ERROR_ACTIVE;IDLE;IDLE
494;75;30;ERROR_ACTIVE;IDLE;IDLE
495;75;30;ERROR_ACTIVE;IDLE;IDLE
496;75;30;ERROR_ACTIVE;IDLE;IDLE
497;75;30;ERROR_ACTIVE;IDLE;IDLE
498;75;30;ERROR_ACTIVE;IDLE;IDLE
499;75;30;ERROR_ACTIVE;IDLE;IDLE
500;83;38;ERROR_ACTIVE;ATTACK_COLLISION;VICTIM_TX
501;82;38;ERROR_ACTIVE;VICTIM_RETRANSMIT_SUCCESS;VICTIM_TX
502;82;37;ERROR_ACTIVE;ATTACKER_RECOVERY;ATTACKER_BG_TX
503;82;36;ERROR_ACTIVE;ATTACKER_RECOVERY;ATTACKER_BG_TX
504;82;36;ERROR_ACTIVE;IDLE;IDLE
505;82;36;ERROR_ACTIVE;IDLE;IDLE
506;82;36;ERROR_ACTIVE;IDLE;IDLE
507;82;36;ERROR_ACTIVE;IDLE;IDLE
508;82;36;ERROR_ACTIVE;IDLE;IDLE
509;82;36;ERROR_ACTIVE;IDLE;IDLE
510;81;36;ERROR_ACTIVE;SKIPPING_TX;VICTIM_TX
511;81;35;ERROR_ACTIVE;ATTACKER_RECOVERY;ATTACKER_BG_TX
512;81;34;ERROR_ACTIVE;ATTACKER_RECOVERY;ATTACKER_BG_TX
513;81;34;ERROR_ACTIVE;IDLE;IDLE
514;81;34;ERROR_ACTIVE;IDLE;IDLE
515;81;34;ERROR_ACTIVE;IDLE;IDLE
516;81;34;ERROR_ACTIVE;IDLE;IDLE
517;81;34;ERROR_ACTIVE;IDLE;IDLE
518;81;34;ERROR_ACTIVE;IDLE;IDLE
519;81;34;ERROR_ACTIVE;IDLE;IDLE
520;80;34;ERROR_ACTIVE;SKIPPING_TX;VICTIM_TX
521;80;33;ERROR_ACTIVE;ATTACKER_RECOVERY;ATTACKER_BG_TX
522;80;32;ERROR_ACTIVE;ATTACKER_RECOVERY;ATTACKER_BG_TX
523;80;32;ERROR_ACTIVE;IDLE;IDLE
524;80;32;ERROR_ACTIVE;IDLE;IDLE
525;80;32;ERROR_ACTIVE;IDLE;IDLE
526;80;32;ERROR_ACTIVE;IDLE;IDLE
527;80;32;ERROR_ACTIVE;IDLE;IDLE
528;80;32;ERROR_ACTIVE;IDLE;IDLE
529;80;32;ERROR_ACTIVE;IDLE;IDLE
530;88;40;ERROR_ACTIVE;ATTACK_COLLISION;VICTIM_TX
531;87;40;ERROR_ACTIVE;VICTIM_RETRANSMIT_SUCCESS;VICTIM_TX
532;87;39;ERROR_ACTIVE;ATTACKER_RECOVERY;ATTACKER_BG_TX
533;87;38;ERROR_ACTIVE;ATTACKER_RECOVERY;ATTACKER_BG_TX
534;87;38;ERROR_ACTIVE;IDLE;IDLE
535;87;38;ERROR_ACTIVE;IDLE;IDLE
536;87;38;ERROR_ACTIVE;IDLE;IDLE
537;87;38;ERROR_ACTIVE;IDLE;IDLE
538;87;38;ERROR_ACTIVE;IDLE;IDLE
539;87;38;ERROR_ACTIVE;IDLE;IDLE
540;86;38;ERROR_ACTIVE;SKIPPING_TX;VICTIM_TX
541;86;37;ERROR_ACTIVE;ATTACKER_RECOVERY;ATTACKER_BG_TX
542;86;36;ERROR_ACTIVE;ATTACKER_RECOVERY;ATTACKER_BG_TX
543;86;36;ERROR_ACTIVE;IDLE;IDLE
544;86;36;ERROR_ACTIVE;IDLE;IDLE
545;86;36;ERROR_ACTIVE;IDLE;IDLE
546;86;36;ERROR_ACTIVE;IDLE;IDLE
547;86;36;ERROR_ACTIVE;IDLE;IDLE
548;86;36;ERROR_ACTIVE;IDLE;IDLE
549;86;36;ERROR_ACTIVE;IDLE;IDLE
550;85;36;ERROR_ACTIVE;SKIPPING_TX;VICTIM_TX
551;85;35;ERROR_ACTIVE;ATTACKER_RECOVERY;ATTACKER_BG_TX
552;85;34;ERROR_ACTIVE;ATTACKER_RECOVERY;ATTACKER_BG_TX
553;85;34;ERROR_ACTIVE;IDLE;IDLE
554;85;34;ERROR_ACTIVE;IDLE;IDLE
555;85;34;ERROR_ACTIVE;IDLE;IDLE
556;85;34;ERROR_ACTIVE;IDLE;IDLE
557;85;34;ERROR_ACTIVE;IDLE;IDLE
558;85;34;ERROR_ACTIVE;IDLE;IDLE
559;85;34;ERROR_ACTIVE;IDLE;IDLE
560;93;42;ERROR_ACTIVE;ATTACK_COLLISION;VICTIM_TX
561;92;42;ERROR_ACTIVE;VICTIM_RETRANSMIT_SUCCESS;VICTIM_TX
562;92;41;ERROR_ACTIVE;ATTACKER_RECOVERY;ATTACKER_BG_TX
563;92;40;ERROR_ACTIVE;ATTACKER_RECOVERY;ATTACKER_BG_TX
564;92;40;ERROR_ACTIVE;IDLE;IDLE
565;92;40;ERROR_ACTIVE;IDLE;IDLE
566;92;40;ERROR_ACTIVE;IDLE;IDLE
567;92;40;ERROR_ACTIVE;IDLE;IDLE
568;92;40;ERROR_ACTIVE;IDLE;IDLE
569;92;40;ERROR_ACTIVE;IDLE;IDLE
570;91;40;ERROR_ACTIVE;SKIPPING_TX;VICTIM_TX
571;91;39;ERROR_ACTIVE;ATTACKER_RECOVERY;ATTACKER_BG_TX
572;91;38;ERROR_ACTIVE;ATTACKER_RECOVERY;ATTACKER_BG_TX
573;91;38;ERROR_ACTIVE;IDLE;IDLE
574;91;38;ERROR_ACTIVE;IDLE;IDLE
575;91;38;ERROR_ACTIVE;IDLE;IDLE
576;91;38;ERROR_ACTIVE;IDLE;IDLE
577;91;38;ERROR_ACTIVE;IDLE;IDLE
578;91;38;ERROR_ACTIVE;IDLE;IDLE
579;91;38;ERROR_ACTIVE;IDLE;IDLE
580;90;38;ERROR_ACTIVE;SKIPPING_TX;VICTIM_TX
581;90;37;ERROR_ACTIVE;ATTACKER_RECOVERY;ATTACKER_BG_TX
582;90;36;ERROR_ACTIVE;ATTACKER_RECOVERY;ATTACKER_BG_TX
583;90;36;ERROR_ACTIVE;IDLE;IDLE
584;90;36;ERROR_ACTIVE;IDLE;IDLE
585;90;36;ERROR_ACTIVE;IDLE;IDLE
586;90;36;ERROR_ACTIVE;IDLE;IDLE
587;90;36;ERROR_ACTIVE;IDLE;IDLE
588;90;36;ERROR_ACTIVE;IDLE;IDLE
589;90;36;ERROR_ACTIVE;IDLE;IDLE
590;98;44;ERROR_ACTIVE;ATTACK_COLLISION;VICTIM_TX
591;97;44;ERROR_ACTIVE;VICTIM_RETRANSMIT_SUCCESS;VICTIM_TX
592;97;43;ERROR_ACTIVE;ATTACKER_RECOVERY;ATTACKER_BG_TX
593;97;42;ERROR_ACTIVE;ATTACKER_RECOVERY;ATTACKER_BG_TX
594;97;42;ERROR_ACTIVE;IDLE;IDLE
595;97;42;ERROR_ACTIVE;IDLE;IDLE
596;97;42;ERROR_ACTIVE;IDLE;IDLE
597;97;42;ERROR_ACTIVE;IDLE;IDLE
598;97;42;ERROR_ACTIVE;IDLE;IDLE
599;97;42;ERROR_ACTIVE;IDLE;IDLE
600;96;42;ERROR_ACTIVE;SKIPPING_TX;VICTIM_TX
601;96;41;ERROR_ACTIVE;ATTACKER_RECOVERY;ATTACKER_BG_TX
602;96;40;ERROR_ACTIVE;ATTACKER_RECOVERY;ATTACKER_BG_TX
603;96;40;ERROR_ACTIVE;IDLE;IDLE
604;96;40;ERROR_ACTIVE;IDLE;IDLE
605;96;40;ERROR_ACTIVE;IDLE;IDLE
606;96;40;ERROR_ACTIVE;IDLE;IDLE
607;96;40;ERROR_ACTIVE;IDLE;IDLE
608;96;40;ERROR_ACTIVE;IDLE;IDLE
609;96;40;ERROR_ACTIVE;IDLE;IDLE
610;95;40;ERROR_ACTIVE;SKIPPING_TX;VICTIM_TX
611;95;39;ERROR_ACTIVE;ATTACKER_RECOVERY;ATTACKER_BG_TX
612;95;38;ERROR_ACTIVE;ATTACKER_RECOVERY;ATTACKER_BG_TX
613;95;38;ERROR_ACTIVE;IDLE;IDLE
614;95;38;ERROR_ACTIVE;IDLE;IDLE
615;95;38;ERROR_ACTIVE;IDLE;IDLE
616;95;38;ERROR_ACTIVE;IDLE;IDLE
617;95;38;ERROR_ACTIVE;IDLE;IDLE
618;95;38;ERROR_ACTIVE;IDLE;IDLE
619;95;38;ERROR_ACTIVE;IDLE;IDLE
620;103;46;ERROR_ACTIVE;ATTACK_COLLISION;VICTIM_TX
621;102;46;ERROR_ACTIVE;VICTIM_RETRANSMIT_SUCCESS;VICTIM_TX
622;102;45;ERROR_ACTIVE;ATTACKER_RECOVERY;ATTACKER_BG_TX
623;102;44;ERROR_ACTIVE;ATTACKER_RECOVERY;ATTACKER_BG_TX
624;102;44;ERROR_ACTIVE;IDLE;IDLE
625;102;44;ERROR_ACTIVE;IDLE;IDLE
626;102;44;ERROR_ACTIVE;IDLE;IDLE
627;102;44;ERROR_ACTIVE;IDLE;IDLE
628;102;44;ERROR_ACTIVE;IDLE;IDLE
629;102;44;ERROR_ACTIVE;IDLE;IDLE
630;101;44;ERROR_ACTIVE;SKIPPING_TX;VICTIM_TX
631;101;43;ERROR_ACTIVE;ATTACKER_RECOVERY;ATTACKER_BG_TX
632;101;42;ERROR_ACTIVE;ATTACKER_RECOVERY;ATTACKER_BG_TX
633;101;42;ERROR_ACTIVE;IDLE;IDLE
634;101;42;ERROR_ACTIVE;IDLE;IDLE
635;101;42;ERROR_ACTIVE;IDLE;IDLE
636;101;42;ERROR_ACTIVE;IDLE;IDLE
637;101;42;ERROR_ACTIVE;IDLE;IDLE
638;101;42;ERROR_ACTIVE;IDLE;IDLE
639;101;42;ERROR_ACTIVE;IDLE;IDLE
640;100;42;ERROR_ACTIVE;SKIPPING_TX;VICTIM_TX
641;100;41;ERROR_ACTIVE;ATTACKER_RECOVERY;ATTACKER_BG_TX
642;100;40;ERROR_ACTIVE;ATTACKER_RECOVERY;ATTACKER_BG_TX
643;100;40;ERROR_ACTIVE;IDLE;IDLE
644;100;40;ERROR_ACTIVE;IDLE;IDLE
645;100;40;ERROR_ACTIVE;IDLE;IDLE
646;100;40;ERROR_ACTIVE;IDLE;IDLE
647;100;40;ERROR_ACTIVE;IDLE;IDLE
648;100;40;ERROR_ACTIVE;IDLE;IDLE
649;100;40;ERROR_ACTIVE;IDLE;IDLE
650;108;48;ERROR_ACTIVE;ATTACK_COLLISION;VICTIM_TX
651;107;48;ERROR_ACTIVE;VICTIM_RETRANSMIT_SUCCESS;VICTIM_TX
652;107;47;ERROR_ACTIVE;ATTACKER_RECOVERY;ATTACKER_BG_TX
653;107;46;ERROR_ACTIVE;ATTACKER_RECOVERY;ATTACKER_BG_TX
654;107;46;ERROR_ACTIVE;IDLE;IDLE
655;107;46;ERROR_ACTIVE;IDLE;IDLE
656;107;46;ERROR_ACTIVE;IDLE;IDLE
657;107;46;ERROR_ACTIVE;IDLE;IDLE
658;107;46;ERROR_ACTIVE;IDLE;IDLE
659;107;46;ERROR_ACTIVE;IDLE;IDLE
660;106;46;ERROR_ACTIVE;SKIPPING_TX;VICTIM_TX
661;106;45;ERROR_ACTIVE;ATTACKER_RECOVERY;ATTACKER_BG_TX
662;106;44;ERROR_ACTIVE;ATTACKER_RECOVERY;ATTACKER_BG_TX
663;106;44;ERROR_ACTIVE;IDLE;IDLE
664;106;44;ERROR_ACTIVE;IDLE;IDLE
665;106;44;ERROR_ACTIVE;IDLE;IDLE
666;106;44;ERROR_ACTIVE;IDLE;IDLE
667;106;44;ERROR_ACTIVE;IDLE;IDLE
668;106;44;ERROR_ACTIVE;IDLE;IDLE
669;106;44;ERROR_ACTIVE;IDLE;IDLE
670;105;44;ERROR_ACTIVE;SKIPPING_TX;VICTIM_TX
671;105;43;ERROR_ACTIVE;ATTACKER_RECOVERY;ATTACKER_BG_TX
672;105;42;ERROR_ACTIVE;ATTACKER_RECOVERY;ATTACKER_BG_TX
673;105;42;ERROR_ACTIVE;IDLE;IDLE
674;105;42;ERROR_ACTIVE;IDLE;IDLE
675;105;42;ERROR_ACTIVE;IDLE;IDLE
676;105;42;ERROR_ACTIVE;IDLE;IDLE
677;105;42;ERROR_ACTIVE;IDLE;IDLE
678;105;42;ERROR_ACTIVE;IDLE;IDLE
679;105;42;ERROR_ACTIVE;IDLE;IDLE
680;113;50;ERROR_ACTIVE;ATTACK_COLLISION;VICTIM_TX
681;112;50;ERROR_ACTIVE;VICTIM_RETRANSMIT_SUCCESS;VICTIM_TX
682;112;49;ERROR_ACTIVE;ATTACKER_RECOVERY;ATTACKER_BG_TX
683;112;48;ERROR_ACTIVE;ATTACKER_RECOVERY;ATTACKER_BG_TX
684;112;48;ERROR_ACTIVE;IDLE;IDLE
685;112;48;ERROR_ACTIVE;IDLE;IDLE
686;112;48;ERROR_ACTIVE;IDLE;IDLE
687;112;48;ERROR_ACTIVE;IDLE;IDLE
688;112;48;ERROR_ACTIVE;IDLE;IDLE
689;112;48;ERROR_ACTIVE;IDLE;IDLE
690;111;48;ERROR_ACTIVE;SKIPPING_TX;VICTIM_TX
691;111;47;ERROR_ACTIVE;ATTACKER_RECOVERY;ATTACKER_BG_TX
692;111;46;ERROR_ACTIVE;ATTACKER_RECOVERY;ATTACKER_BG_TX
693;111;46;ERROR_ACTIVE;IDLE;IDLE
694;111;46;ERROR_ACTIVE;IDLE;IDLE
695;111;46;ERROR_ACTIVE;IDLE;IDLE
696;111;46;ERROR_ACTIVE;IDLE;IDLE
697;111;46;ERROR_ACTIVE;IDLE;IDLE
698;111;46;ERROR_ACTIVE;IDLE;IDLE
699;111;46;ERROR_ACTIVE;IDLE;IDLE
700;110;46;ERROR_ACTIVE;SKIPPING_TX;VICTIM_TX
701;110;45;ERROR_ACTIVE;ATTACKER_RECOVERY;ATTACKER_BG_TX
702;110;44;ERROR_ACTIVE;ATTACKER_RECOVERY;ATTACKER_BG_TX
703;110;44;ERROR_ACTIVE;IDLE;IDLE
704;110;44;ERROR_ACTIVE;IDLE;IDLE
705;110;44;ERROR_ACTIVE;IDLE;IDLE
706;110;44;ERROR_ACTIVE;IDLE;IDLE
707;110;44;ERROR_ACTIVE;IDLE;IDLE
708;110;44;ERROR_ACTIVE;IDLE;IDLE
709;110;44;ERROR_ACTIVE;IDLE;IDLE
710;118;52;ERROR_ACTIVE;ATTACK_COLLISION;VICTIM_TX
711;117;52;ERROR_ACTIVE;VICTIM_RETRANSMIT_SUCCESS;VICTIM_TX
712;117;51;ERROR_ACTIVE;ATTACKER_RECOVERY;ATTACKER_BG_TX
713;117;50;ERROR_ACTIVE;ATTACKER_RECOVERY;ATTACKER_BG_TX
714;117;50;ERROR_ACTIVE;IDLE;IDLE
715;117;50;ERROR_ACTIVE;IDLE;IDLE
716;117;50;ERROR_ACTIVE;IDLE;IDLE
717;117;50;ERROR_ACTIVE;IDLE;IDLE
718;117;50;ERROR_ACTIVE;IDLE;IDLE
719;117;50;ERROR_ACTIVE;IDLE;IDLE
720;116;50;ERROR_ACTIVE;SKIPPING_TX;VICTIM_TX
721;116;49;ERROR_ACTIVE;ATTACKER_RECOVERY;ATTACKER_BG_TX
722;116;48;ERROR_ACTIVE;ATTACKER_RECOVERY;ATTACKER_BG_TX
723;116;48;ERROR_ACTIVE;IDLE;IDLE
724;116;48;ERROR_ACTIVE;IDLE;IDLE
725;116;48;ERROR_ACTIVE;IDLE;IDLE
726;116;48;ERROR_ACTIVE;IDLE;IDLE
727;116;48;ERROR_ACTIVE;IDLE;IDLE
728;116;48;ERROR_ACTIVE;IDLE;IDLE
729;116;48;ERROR_ACTIVE;IDLE;IDLE
730;115;48;ERROR_ACTIVE;SKIPPING_TX;VICTIM_TX
731;115;47;ERROR_ACTIVE;ATTACKER_RECOVERY;ATTACKER_BG_TX
732;115;46;ERROR_ACTIVE;ATTACKER_RECOVERY;ATTACKER_BG_TX
733;115;46;ERROR_ACTIVE;IDLE;IDLE
734;115;46;ERROR_ACTIVE;IDLE;IDLE
735;115;46;ERROR_ACTIVE;IDLE;IDLE
736;115;46;ERROR_ACTIVE;IDLE;IDLE
737;115;46;ERROR_ACTIVE;IDLE;IDLE
738;115;46;ERROR_ACTIVE;IDLE;IDLE
739;115;46;ERROR_ACTIVE;IDLE;IDLE
740;123;54;ERROR_ACTIVE;ATTACK_COLLISION;VICTIM_TX
741;122;54;ERROR_ACTIVE;VICTIM_RETRANSMIT_SUCCESS;VICTIM_TX
742;122;53;ERROR_ACTIVE;ATTACKER_RECOVERY;ATTACKER_BG_TX
743;122;52;ERROR_ACTIVE;ATTACKER_RECOVERY;ATTACKER_BG_TX
744;122;52;ERROR_ACTIVE;IDLE;IDLE
745;122;52;ERROR_ACTIVE;IDLE;IDLE
746;122;52;ERROR_ACTIVE;IDLE;IDLE
747;122;52;ERROR_ACTIVE;IDLE;IDLE
748;122;52;ERROR_ACTIVE;IDLE;IDLE
749;122;52;ERROR_ACTIVE;IDLE;IDLE
750;121;52;ERROR_ACTIVE;SKIPPING_TX;VICTIM_TX
751;121;51;ERROR_ACTIVE;ATTACKER_RECOVERY;ATTACKER_BG_TX
752;121;50;ERROR_ACTIVE;ATTACKER_RECOVERY;ATTACKER_BG_TX
753;121;50;ERROR_ACTIVE;IDLE;IDLE
754;121;50;ERROR_ACTIVE;IDLE;IDLE
755;121;50;ERROR_ACTIVE;IDLE;IDLE
756;121;50;ERROR_ACTIVE;IDLE;IDLE
757;121;50;ERROR_ACTIVE;IDLE;IDLE
758;121;50;ERROR_ACTIVE;IDLE;IDLE
759;121;50;ERROR_ACTIVE;IDLE;IDLE
760;120;50;ERROR_ACTIVE;SKIPPING_TX;VICTIM_TX
761;120;49;ERROR_ACTIVE;ATTACKER_RECOVERY;ATTACKER_BG_TX
762;120;48;ERROR_ACTIVE;ATTACKER_RECOVERY;ATTACKER_BG_TX
763;120;48;ERROR_ACTIVE;IDLE;IDLE
764;120;48;ERROR_ACTIVE;IDLE;IDLE
765;120;48;ERROR_ACTIVE;IDLE;IDLE
766;120;48;ERROR_ACTIVE;IDLE;IDLE
767;120;48;ERROR_ACTIVE;IDLE;IDLE
768;120;48;ERROR_ACTIVE;IDLE;IDLE
769;120;48;ERROR_ACTIVE;IDLE;IDLE
770;128;56;ERROR_PASSIVE;ATTACK_COLLISION;VICTIM_TX
771;127;56;ERROR_ACTIVE;VICTIM_RETRANSMIT_SUCCESS;VICTIM_TX
772;127;55;ERROR_ACTIVE;ATTACKER_RECOVERY;ATTACKER_BG_TX
773;127;54;ERROR_ACTIVE;ATTACKER_RECOVERY;ATTACKER_BG_TX
774;127;54;ERROR_ACTIVE;IDLE;IDLE
775;127;54;ERROR_ACTIVE;IDLE;IDLE
776;127;54;ERROR_ACTIVE;IDLE;IDLE
777;127;54;ERROR_ACTIVE;IDLE;IDLE
778;127;54;ERROR_ACTIVE;IDLE;IDLE
779;127;54;ERROR_ACTIVE;IDLE;IDLE
780;126;54;ERROR_ACTIVE;SKIPPING_TX;VICTIM_TX
781;126;53;ERROR_ACTIVE;ATTACKER_RECOVERY;ATTACKER_BG_TX
782;126;52;ERROR_ACTIVE;ATTACKER_RECOVERY;ATTACKER_BG_TX
783;126;52;ERROR_ACTIVE;IDLE;IDLE
784;126;52;ERROR_ACTIVE;IDLE;IDLE
785;126;52;ERROR_ACTIVE;IDLE;IDLE
786;126;52;ERROR_ACTIVE;IDLE;IDLE
787;126;52;ERROR_ACTIVE;IDLE;IDLE
788;126;52;ERROR_ACTIVE;IDLE;IDLE
789;126;52;ERROR_ACTIVE;IDLE;IDLE
790;125;52;ERROR_ACTIVE;SKIPPING_TX;VICTIM_TX
791;125;51;ERROR_ACTIVE;ATTACKER_RECOVERY;ATTACKER_BG_TX
792;125;50;ERROR_ACTIVE;ATTACKER_RECOVERY;ATTACKER_BG_TX
793;125;50;ERROR_ACTIVE;IDLE;IDLE
794;125;50;ERROR_ACTIVE;IDLE;IDLE
795;125;50;ERROR_ACTIVE;IDLE;IDLE
796;125;50;ERROR_ACTIVE;IDLE;IDLE
797;125;50;ERROR_ACTIVE;IDLE;IDLE
798;125;50;ERROR_ACTIVE;IDLE;IDLE
799;125;50;ERROR_ACTIVE;IDLE;IDLE
800;133;58;ERROR_PASSIVE;ATTACK_COLLISION;VICTIM_TX
801;132;58;ERROR_PASSIVE;VICTIM_RETRANSMIT_SUCCESS;VICTIM_TX
802;132;57;ERROR_PASSIVE;ATTACKER_RECOVERY;ATTACKER_BG_TX
803;132;56;ERROR_PASSIVE;ATTACKER_RECOVERY;ATTACKER_BG_TX
804;132;56;ERROR_PASSIVE;IDLE;IDLE
805;132;56;ERROR_PASSIVE;IDLE;IDLE
806;132;56;ERROR_PASSIVE;IDLE;IDLE
807;132;56;ERROR_PASSIVE;IDLE;IDLE
808;132;56;ERROR_PASSIVE;IDLE;IDLE
809;132;56;ERROR_PASSIVE;IDLE;IDLE
810;131;56;ERROR_PASSIVE;SKIPPING_TX;VICTIM_TX
811;131;55;ERROR_PASSIVE;ATTACKER_RECOVERY;ATTACKER_BG_TX
812;131;54;ERROR_PASSIVE;ATTACKER_RECOVERY;ATTACKER_BG_TX
813;131;54;ERROR_PASSIVE;IDLE;IDLE
814;131;54;ERROR_PASSIVE;IDLE;IDLE
815;131;54;ERROR_PASSIVE;IDLE;IDLE
816;131;54;ERROR_PASSIVE;IDLE;IDLE
817;131;54;ERROR_PASSIVE;IDLE;IDLE
818;131;54;ERROR_PASSIVE;IDLE;IDLE
819;131;54;ERROR_PASSIVE;IDLE;IDLE
820;130;54;ERROR_PASSIVE;SKIPPING_TX;VICTIM_TX
821;130;53;ERROR_PASSIVE;ATTACKER_RECOVERY;ATTACKER_BG_TX
822;130;52;ERROR_PASSIVE;ATTACKER_RECOVERY;ATTACKER_BG_TX
823;130;52;ERROR_PASSIVE;IDLE;IDLE
824;130;52;ERROR_PASSIVE;IDLE;IDLE
825;130;52;ERROR_PASSIVE;IDLE;IDLE
826;130;52;ERROR_PASSIVE;IDLE;IDLE
827;130;52;ERROR_PASSIVE;IDLE;IDLE
828;130;52;ERROR_PASSIVE;IDLE;IDLE
829;130;52;ERROR_PASSIVE;IDLE;IDLE
830;138;60;ERROR_PASSIVE;ATTACK_COLLISION;VICTIM_TX
831;137;60;ERROR_PASSIVE;VICTIM_RETRANSMIT_SUCCESS;VICTIM_TX
832;137;59;ERROR_PASSIVE;ATTACKER_RECOVERY;ATTACKER_BG_TX
833;137;58;ERROR_PASSIVE;ATTACKER_RECOVERY;ATTACKER_BG_TX
834;137;58;ERROR_PASSIVE;IDLE;IDLE
835;137;58;ERROR_PASSIVE;IDLE;IDLE
836;137;58;ERROR_PASSIVE;IDLE;IDLE
837;137;58;ERROR_PASSIVE;IDLE;IDLE
838;137;58;ERROR_PASSIVE;IDLE;IDLE
839;137;58;ERROR_PASSIVE;IDLE;IDLE
840;136;58;ERROR_PASSIVE;SKIPPING_TX;VICTIM_TX
841;136;57;ERROR_PASSIVE;ATTACKER_RECOVERY;ATTACKER_BG_TX
842;136;56;ERROR_PASSIVE;ATTACKER_RECOVERY;ATTACKER_BG_TX
843;136;56;ERROR_PASSIVE;IDLE;IDLE
844;136;56;ERROR_PASSIVE;IDLE;IDLE
845;136;56;ERROR_PASSIVE;IDLE;IDLE
846;136;56;ERROR_PASSIVE;IDLE;IDLE
847;136;56;ERROR_PASSIVE;IDLE;IDLE
848;136;56;ERROR_PASSIVE;IDLE;IDLE
849;136;56;ERROR_PASSIVE;IDLE;IDLE
850;135;56;ERROR_PASSIVE;SKIPPING_TX;VICTIM_TX
851;135;55;ERROR_PASSIVE;ATTACKER_RECOVERY;ATTACKER_BG_TX
852;135;54;ERROR_PASSIVE;ATTACKER_RECOVERY;ATTACKER_BG_TX
853;135;54;ERROR_PASSIVE;IDLE;IDLE
854;135;54;ERROR_PASSIVE;IDLE;IDLE
855;135;54;ERROR_PASSIVE;IDLE;IDLE
856;135;54;ERROR_PASSIVE;IDLE;IDLE
857;135;54;ERROR_PASSIVE;IDLE;IDLE
858;135;54;ERROR_PASSIVE;IDLE;IDLE
859;135;54;ERROR_PASSIVE;IDLE;IDLE
860;143;62;ERROR_PASSIVE;ATTACK_COLLISION;VICTIM_TX
861;142;62;ERROR_PASSIVE;VICTIM_RETRANSMIT_SUCCESS;VICTIM_TX
862;142;61;ERROR_PASSIVE;ATTACKER_RECOVERY;ATTACKER_BG_TX
863;142;60;ERROR_PASSIVE;ATTACKER_RECOVERY;ATTACKER_BG_TX
864;142;60;ERROR_PASSIVE;IDLE;IDLE
865;142;60;ERROR_PASSIVE;IDLE;IDLE
866;142;60;ERROR_PASSIVE;IDLE;IDLE
867;142;60;ERROR_PASSIVE;IDLE;IDLE
868;142;60;ERROR_PASSIVE;IDLE;IDLE
869;142;60;ERROR_PASSIVE;IDLE;IDLE
870;141;60;ERROR_PASSIVE;SKIPPING_TX;VICTIM_TX
871;141;59;ERROR_PASSIVE;ATTACKER_RECOVERY;ATTACKER_BG_TX
872;141;58;ERROR_PASSIVE;ATTACKER_RECOVERY;ATTACKER_BG_TX
873;141;58;ERROR_PASSIVE;IDLE;IDLE
874;141;58;ERROR_PASSIVE;IDLE;IDLE
875;141;58;ERROR_PASSIVE;IDLE;IDLE
876;141;58;ERROR_PASSIVE;IDLE;IDLE
877;141;58;ERROR_PASSIVE;IDLE;IDLE
878;141;58;ERROR_PASSIVE;IDLE;IDLE
879;141;58;ERROR_PASSIVE;IDLE;IDLE
880;140;58;ERROR_PASSIVE;SKIPPING_TX;VICTIM_TX
881;140;57;ERROR_PASSIVE;ATTACKER_RECOVERY;ATTACKER_BG_TX
882;140;56;ERROR_PASSIVE;ATTACKER_RECOVERY;ATTACKER_BG_TX
883;140;56;ERROR_PASSIVE;IDLE;IDLE
884;140;56;ERROR_PASSIVE;IDLE;IDLE
885;140;56;ERROR_PASSIVE;IDLE;IDLE
886;140;56;ERROR_PASSIVE;IDLE;IDLE
887;140;56;ERROR_PASSIVE;IDLE;IDLE
888;140;56;ERROR_PASSIVE;IDLE;IDLE
889;140;56;ERROR_PASSIVE;IDLE;IDLE
890;148;64;ERROR_PASSIVE;ATTACK_COLLISION;VICTIM_TX
891;147;64;ERROR_PASSIVE;VICTIM_RETRANSMIT_SUCCESS;VICTIM_TX
892;147;63;ERROR_PASSIVE;ATTACKER_RECOVERY;ATTACKER_BG_TX
893;147;62;ERROR_PASSIVE;ATTACKER_RECOVERY;ATTACKER_BG_TX
894;147;62;ERROR_PASSIVE;IDLE;IDLE
895;147;62;ERROR_PASSIVE;IDLE;IDLE
896;147;62;ERROR_PASSIVE;IDLE;IDLE
897;147;62;ERROR_PASSIVE;IDLE;IDLE
898;147;62;ERROR_PASSIVE;IDLE;IDLE
899;147;62;ERROR_PASSIVE;IDLE;IDLE
900;146;62;ERROR_PASSIVE;SKIPPING_TX;VICTIM_TX
901;146;61;ERROR_PASSIVE;ATTACKER_RECOVERY;ATTACKER_BG_TX
902;146;60;ERROR_PASSIVE;ATTACKER_RECOVERY;ATTACKER_BG_TX
903;146;60;ERROR_PASSIVE;IDLE;IDLE
904;146;60;ERROR_PASSIVE;IDLE;IDLE
905;146;60;ERROR_PASSIVE;IDLE;IDLE
906;146;60;ERROR_PASSIVE;IDLE;IDLE
907;146;60;ERROR_PASSIVE;IDLE;IDLE
908;146;60;ERROR_PASSIVE;IDLE;IDLE
909;146;60;ERROR_PASSIVE;IDLE;IDLE
910;145;60;ERROR_PASSIVE;SKIPPING_TX;VICTIM_TX
911;145;59;ERROR_PASSIVE;ATTACKER_RECOVERY;ATTACKER_BG_TX
912;145;58;ERROR_PASSIVE;ATTACKER_RECOVERY;ATTACKER_BG_TX
913;145;58;ERROR_PASSIVE;IDLE;IDLE
914;145;58;ERROR_PASSIVE;IDLE;IDLE
915;145;58;ERROR_PASSIVE;IDLE;IDLE
916;145;58;ERROR_PASSIVE;IDLE;IDLE
917;145;58;ERROR_PASSIVE;IDLE;IDLE
918;145;58;ERROR_PASSIVE;IDLE;IDLE
919;145;58;ERROR_PASSIVE;IDLE;IDLE
920;153;66;ERROR_PASSIVE;ATTACK_COLLISION;VICTIM_TX
921;152;66;ERROR_PASSIVE;VICTIM_RETRANSMIT_SUCCESS;VICTIM_TX
922;152;65;ERROR_PASSIVE;ATTACKER_RECOVERY;ATTACKER_BG_TX
923;152;64;ERROR_PASSIVE;ATTACKER_RECOVERY;ATTACKER_BG_TX
924;152;64;ERROR_PASSIVE;IDLE;IDLE
925;152;64;ERROR_PASSIVE;IDLE;IDLE
926;152;64;ERROR_PASSIVE;IDLE;IDLE
927;152;64;ERROR_PASSIVE;IDLE;IDLE
928;152;64;ERROR_PASSIVE;IDLE;IDLE
929;152;64;ERROR_PASSIVE;IDLE;IDLE
930;151;64;ERROR_PASSIVE;SKIPPING_TX;VICTIM_TX
931;151;63;ERROR_PASSIVE;ATTACKER_RECOVERY;ATTACKER_BG_TX
932;151;62;ERROR_PASSIVE;ATTACKER_RECOVERY;ATTACKER_BG_TX
933;151;62;ERROR_PASSIVE;IDLE;IDLE
934;151;62;ERROR_PASSIVE;IDLE;IDLE
935;151;62;ERROR_PASSIVE;IDLE;IDLE
936;151;62;ERROR_PASSIVE;IDLE;IDLE
937;151;62;ERROR_PASSIVE;IDLE;IDLE
938;151;62;ERROR_PASSIVE;IDLE;IDLE
939;151;62;ERROR_PASSIVE;IDLE;IDLE
940;150;62;ERROR_PASSIVE;SKIPPING_TX;VICTIM_TX
941;150;61;ERROR_PASSIVE;ATTACKER_RECOVERY;ATTACKER_BG_TX
942;150;60;ERROR_PASSIVE;ATTACKER_RECOVERY;ATTACKER_BG_TX
943;150;60;ERROR_PASSIVE;IDLE;IDLE
944;150;60;ERROR_PASSIVE;IDLE;IDLE
945;150;60;ERROR_PASSIVE;IDLE;IDLE
946;150;60;ERROR_PASSIVE;IDLE;IDLE
947;150;60;ERROR_PASSIVE;IDLE;IDLE
948;150;60;ERROR_PASSIVE;IDLE;IDLE
949;150;60;ERROR_PASSIVE;IDLE;IDLE
950;158;68;ERROR_PASSIVE;ATTACK_COLLISION;VICTIM_TX
951;157;68;ERROR_PASSIVE;VICTIM_RETRANSMIT_SUCCESS;VICTIM_TX
952;157;67;ERROR_PASSIVE;ATTACKER_RECOVERY;ATTACKER_BG_TX
953;157;66;ERROR_PASSIVE;ATTACKER_RECOVERY;ATTACKER_BG_TX
954;157;66;ERROR_PASSIVE;IDLE;IDLE
955;157;66;ERROR_PASSIVE;IDLE;IDLE
956;157;66;ERROR_PASSIVE;IDLE;IDLE
957;157;66;ERROR_PASSIVE;IDLE;IDLE
958;157;66;ERROR_PASSIVE;IDLE;IDLE
959;157;66;ERROR_PASSIVE;IDLE;IDLE
960;156;66;ERROR_PASSIVE;SKIPPING_TX;VICTIM_TX
961;156;65;ERROR_PASSIVE;ATTACKER_RECOVERY;ATTACKER_BG_TX
962;156;64;ERROR_PASSIVE;ATTACKER_RECOVERY;ATTACKER_BG_TX
963;156;64;ERROR_PASSIVE;IDLE;IDLE
964;156;64;ERROR_PASSIVE;IDLE;IDLE
965;156;64;ERROR_PASSIVE;IDLE;IDLE
966;156;64;ERROR_PASSIVE;IDLE;IDLE
967;156;64;ERROR_PASSIVE;IDLE;IDLE
968;156;64;ERROR_PASSIVE;IDLE;IDLE
969;156;64;ERROR_PASSIVE;IDLE;IDLE
970;155;64;ERROR_PASSIVE;SKIPPING_TX;VICTIM_TX
971;155;63;ERROR_PASSIVE;ATTACKER_RECOVERY;ATTACKER_BG_TX
972;155;62;ERROR_PASSIVE;ATTACKER_RECOVERY;ATTACKER_BG_TX
973;155;62;ERROR_PASSIVE;IDLE;IDLE
974;155;62;ERROR_PASSIVE;IDLE;IDLE
975;155;62;ERROR_PASSIVE;IDLE;IDLE
976;155;62;ERROR_PASSIVE;IDLE;IDLE
977;155;62;ERROR_PASSIVE;IDLE;IDLE
978;155;62;ERROR_PASSIVE;IDLE;IDLE
979;155;62;ERROR_PASSIVE;IDLE;IDLE
980;163;70;ERROR_PASSIVE;ATTACK_COLLISION;VICTIM_TX
981;162;70;ERROR_PASSIVE;VICTIM_RETRANSMIT_SUCCESS;VICTIM_TX
982;162;69;ERROR_PASSIVE;ATTACKER_RECOVERY;ATTACKER_BG_TX
983;162;68;ERROR_PASSIVE;ATTACKER_RECOVERY;ATTACKER_BG_TX
984;162;68;ERROR_PASSIVE;IDLE;IDLE
985;162;68;ERROR_PASSIVE;IDLE;IDLE
986;162;68;ERROR_PASSIVE;IDLE;IDLE
987;162;68;ERROR_PASSIVE;IDLE;IDLE
988;162;68;ERROR_PASSIVE;IDLE;IDLE
989;162;68;ERROR_PASSIVE;IDLE;IDLE
990;161;68;ERROR_PASSIVE;SKIPPING_TX;VICTIM_TX
991;161;67;ERROR_PASSIVE;ATTACKER_RECOVERY;ATTACKER_BG_TX
992;161;66;ERROR_PASSIVE;ATTACKER_RECOVERY;ATTACKER_BG_TX
993;161;66;ERROR_PASSIVE;IDLE;IDLE
994;161;66;ERROR_PASSIVE;IDLE;IDLE
995;161;66;ERROR_PASSIVE;IDLE;IDLE
996;161;66;ERROR_PASSIVE;IDLE;IDLE
997;161;66;ERROR_PASSIVE;IDLE;IDLE
998;161;66;ERROR_PASSIVE;IDLE;IDLE
999;161;66;ERROR_PASSIVE;IDLE;IDLE
1000;160;66;ERROR_PASSIVE;SKIPPING_TX;VICTIM_TX
1001;160;65;ERROR_PASSIVE;ATTACKER_RECOVERY;ATTACKER_BG_TX
1002;160;64;ERROR_PASSIVE;ATTACKER_RECOVERY;ATTACKER_BG_TX
1003;160;64;ERROR_PASSIVE;IDLE;IDLE
1004;160;64;ERROR_PASSIVE;IDLE;IDLE
1005;160;64;ERROR_PASSIVE;IDLE;IDLE
1006;160;64;ERROR_PASSIVE;IDLE;IDLE
1007;160;64;ERROR_PASSIVE;IDLE;IDLE
1008;160;64;ERROR_PASSIVE;IDLE;IDLE
1009;160;64;ERROR_PASSIVE;IDLE;IDLE
1010;168;72;ERROR_PASSIVE;ATTACK_COLLISION;VICTIM_TX
1011;167;72;ERROR_PASSIVE;VICTIM_RETRANSMIT_SUCCESS;VICTIM_TX
1012;167;71;ERROR_PASSIVE;ATTACKER_RECOVERY;ATTACKER_BG_TX
1013;167;70;ERROR_PASSIVE;ATTACKER_RECOVERY;ATTACKER_BG_TX
1014;167;70;ERROR_PASSIVE;IDLE;IDLE
1015;167;70;ERROR_PASSIVE;IDLE;IDLE
1016;167;70;ERROR_PASSIVE;IDLE;IDLE
1017;167;70;ERROR_PASSIVE;IDLE;IDLE
1018;167;70;ERROR_PASSIVE;IDLE;IDLE
1019;167;70;ERROR_PASSIVE;IDLE;IDLE
1020;166;70;ERROR_PASSIVE;SKIPPING_TX;VICTIM_TX
1021;166;69;ERROR_PASSIVE;ATTACKER_RECOVERY;ATTACKER_BG_TX
1022;166;68;ERROR_PASSIVE;ATTACKER_RECOVERY;ATTACKER_BG_TX
1023;166;68;ERROR_PASSIVE;IDLE;IDLE
1024;166;68;ERROR_PASSIVE;IDLE;IDLE
1025;166;68;ERROR_PASSIVE;IDLE;IDLE
1026;166;68;ERROR_PASSIVE;IDLE;IDLE
1027;166;68;ERROR_PASSIVE;IDLE;IDLE
1028;166;68;ERROR_PASSIVE;IDLE;IDLE
1029;166;68;ERROR_PASSIVE;IDLE;IDLE
1030;165;68;ERROR_PASSIVE;SKIPPING_TX;VICTIM_TX
1031;165;67;ERROR_PASSIVE;ATTACKER_RECOVERY;ATTACKER_BG_TX
1032;165;66;ERROR_PASSIVE;ATTACKER_RECOVERY;ATTACKER_BG_TX
1033;165;66;ERROR_PASSIVE;IDLE;IDLE
1034;165;66;ERROR_PASSIVE;IDLE;IDLE
1035;165;66;ERROR_PASSIVE;IDLE;IDLE
1036;165;66;ERROR_PASSIVE;IDLE;IDLE
1037;165;66;ERROR_PASSIVE;IDLE;IDLE
1038;165;66;ERROR_PASSIVE;IDLE;IDLE
1039;165;66;ERROR_PASSIVE;IDLE;IDLE
1040;173;74;ERROR_PASSIVE;ATTACK_COLLISION;VICTIM_TX
1041;172;74;ERROR_PASSIVE;VICTIM_RETRANSMIT_SUCCESS;VICTIM_TX
1042;172;73;ERROR_PASSIVE;ATTACKER_RECOVERY;ATTACKER_BG_TX
1043;172;72;ERROR_PASSIVE;ATTACKER_RECOVERY;ATTACKER_BG_TX
1044;172;72;ERROR_PASSIVE;IDLE;IDLE
1045;172;72;ERROR_PASSIVE;IDLE;IDLE
1046;172;72;ERROR_PASSIVE;IDLE;IDLE
1047;172;72;ERROR_PASSIVE;IDLE;IDLE
1048;172;72;ERROR_PASSIVE;IDLE;IDLE
1049;172;72;ERROR_PASSIVE;IDLE;IDLE
1050;171;72;ERROR_PASSIVE;SKIPPING_TX;VICTIM_TX
1051;171;71;ERROR_PASSIVE;ATTACKER_RECOVERY;ATTACKER_BG_TX
1052;171;70;ERROR_PASSIVE;ATTACKER_RECOVERY;ATTACKER_BG_TX
1053;171;70;ERROR_PASSIVE;IDLE;IDLE
1054;171;70;ERROR_PASSIVE;IDLE;IDLE
1055;171;70;ERROR_PASSIVE;IDLE;IDLE
1056;171;70;ERROR_PASSIVE;IDLE;IDLE
1057;171;70;ERROR_PASSIVE;IDLE;IDLE
1058;171;70;ERROR_PASSIVE;IDLE;IDLE
1059;171;70;ERROR_PASSIVE;IDLE;IDLE
1060;170;70;ERROR_PASSIVE;SKIPPING_TX;VICTIM_TX
1061;170;69;ERROR_PASSIVE;ATTACKER_RECOVERY;ATTACKER_BG_TX
1062;170;68;ERROR_PASSIVE;ATTACKER_RECOVERY;ATTACKER_BG_TX
1063;170;68;ERROR_PASSIVE;IDLE;IDLE
1064;170;68;ERROR_PASSIVE;IDLE;IDLE
1065;170;68;ERROR_PASSIVE;IDLE;IDLE
1066;170;68;ERROR_PASSIVE;IDLE;IDLE
1067;170;68;ERROR_PASSIVE;IDLE;IDLE
1068;170;68;ERROR_PASSIVE;IDLE;IDLE
1069;170;68;ERROR_PASSIVE;IDLE;IDLE
1070;178;76;ERROR_PASSIVE;ATTACK_COLLISION;VICTIM_TX
1071;177;76;ERROR_PASSIVE;VICTIM_RETRANSMIT_SUCCESS;VICTIM_TX
1072;177;75;ERROR_PASSIVE;ATTACKER_RECOVERY;ATTACKER_BG_TX
1073;177;74;ERROR_PASSIVE;ATTACKER_RECOVERY;ATTACKER_BG_TX
1074;177;74;ERROR_PASSIVE;IDLE;IDLE
1075;177;74;ERROR_PASSIVE;IDLE;IDLE
1076;177;74;ERROR_PASSIVE;IDLE;IDLE
1077;177;74;ERROR_PASSIVE;IDLE;IDLE
1078;177;74;ERROR_PASSIVE;IDLE;IDLE
1079;177;74;ERROR_PASSIVE;IDLE;IDLE
1080;176;74;ERROR_PASSIVE;SKIPPING_TX;VICTIM_TX
1081;176;73;ERROR_PASSIVE;ATTACKER_RECOVERY;ATTACKER_BG_TX
1082;176;72;ERROR_PASSIVE;ATTACKER_RECOVERY;ATTACKER_BG_TX
1083;176;72;ERROR_PASSIVE;IDLE;IDLE
1084;176;72;ERROR_PASSIVE;IDLE;IDLE
1085;176;72;ERROR_PASSIVE;IDLE;IDLE
1086;176;72;ERROR_PASSIVE;IDLE;IDLE
1087;176;72;ERROR_PASSIVE;IDLE;IDLE
1088;176;72;ERROR_PASSIVE;IDLE;IDLE
1089;176;72;ERROR_PASSIVE;IDLE;IDLE
1090;175;72;ERROR_PASSIVE;SKIPPING_TX;VICTIM_TX
1091;175;71;ERROR_PASSIVE;ATTACKER_RECOVERY;ATTACKER_BG_TX
1092;175;70;ERROR_PASSIVE;ATTACKER_RECOVERY;ATTACKER_BG_TX
1093;175;70;ERROR_PASSIVE;IDLE;IDLE
1094;175;70;ERROR_PASSIVE;IDLE;IDLE
1095;175;70;ERROR_PASSIVE;IDLE;IDLE
1096;175;70;ERROR_PASSIVE;IDLE;IDLE
1097;175;70;ERROR_PASSIVE;IDLE;IDLE
1098;175;70;ERROR_PASSIVE;IDLE;IDLE
1099;175;70;ERROR_PASSIVE;IDLE;IDLE
1100;183;78;ERROR_PASSIVE;ATTACK_COLLISION;VICTIM_TX
1101;182;78;ERROR_PASSIVE;VICTIM_RETRANSMIT_SUCCESS;VICTIM_TX
1102;182;77;ERROR_PASSIVE;ATTACKER_RECOVERY;ATTACKER_BG_TX
1103;182;76;ERROR_PASSIVE;ATTACKER_RECOVERY;ATTACKER_BG_TX
1104;182;76;ERROR_PASSIVE;IDLE;IDLE
1105;182;76;ERROR_PASSIVE;IDLE;IDLE
1106;182;76;ERROR_PASSIVE;IDLE;IDLE
1107;182;76;ERROR_PASSIVE;IDLE;IDLE
1108;182;76;ERROR_PASSIVE;IDLE;IDLE
1109;182;76;ERROR_PASSIVE;IDLE;IDLE
1110;181;76;ERROR_PASSIVE;SKIPPING_TX;VICTIM_TX
1111;181;75;ERROR_PASSIVE;ATTACKER_RECOVERY;ATTACKER_BG_TX
1112;181;74;ERROR_PASSIVE;ATTACKER_RECOVERY;ATTACKER_BG_TX
1113;181;74;ERROR_PASSIVE;IDLE;IDLE
1114;181;74;ERROR_PASSIVE;IDLE;IDLE
1115;181;74;ERROR_PASSIVE;IDLE;IDLE
1116;181;74;ERROR_PASSIVE;IDLE;IDLE
1117;181;74;ERROR_PASSIVE;IDLE;IDLE
1118;181;74;ERROR_PASSIVE;IDLE;IDLE
1119;181;74;ERROR_PASSIVE;IDLE;IDLE
1120;180;74;ERROR_PASSIVE;SKIPPING_TX;VICTIM_TX
1121;180;73;ERROR_PASSIVE;ATTACKER_RECOVERY;ATTACKER_BG_TX
1122;180;72;ERROR_PASSIVE;ATTACKER_RECOVERY;ATTACKER_BG_TX
1123;180;72;ERROR_PASSIVE;IDLE;IDLE
1124;180;72;ERROR_PASSIVE;IDLE;IDLE
1125;180;72;ERROR_PASSIVE;IDLE;IDLE
1126;180;72;ERROR_PASSIVE;IDLE;IDLE
1127;180;72;ERROR_PASSIVE;IDLE;IDLE
1128;180;72;ERROR_PASSIVE;IDLE;IDLE
1129;180;72;ERROR_PASSIVE;IDLE;IDLE
1130;188;80;ERROR_PASSIVE;ATTACK_COLLISION;VICTIM_TX
1131;187;80;ERROR_PASSIVE;VICTIM_RETRANSMIT_SUCCESS;VICTIM_TX
1132;187;79;ERROR_PASSIVE;ATTACKER_RECOVERY;ATTACKER_BG_TX
1133;187;78;ERROR_PASSIVE;ATTACKER_RECOVERY;ATTACKER_BG_TX
1134;187;78;ERROR_PASSIVE;IDLE;IDLE
1135;187;78;ERROR_PASSIVE;IDLE;IDLE
1136;187;78;ERROR_PASSIVE;IDLE;IDLE
1137;187;78;ERROR_PASSIVE;IDLE;IDLE
1138;187;78;ERROR_PASSIVE;IDLE;IDLE
1139;187;78;ERROR_PASSIVE;IDLE;IDLE
1140;186;78;ERROR_PASSIVE;SKIPPING_TX;VICTIM_TX
1141;186;77;ERROR_PASSIVE;ATTACKER_RECOVERY;ATTACKER_BG_TX
1142;186;76;ERROR_PASSIVE;ATTACKER_RECOVERY;ATTACKER_BG_TX
1143;186;76;ERROR_PASSIVE;IDLE;IDLE
1144;186;76;ERROR_PASSIVE;IDLE;IDLE
1145;186;76;ERROR_PASSIVE;IDLE;IDLE
1146;186;76;ERROR_PASSIVE;IDLE;IDLE
1147;186;76;ERROR_PASSIVE;IDLE;IDLE
1148;186;76;ERROR_PASSIVE;IDLE;IDLE
1149;186;76;ERROR_PASSIVE;IDLE;IDLE
1150;185;76;ERROR_PASSIVE;SKIPPING_TX;VICTIM_TX
1151;185;75;ERROR_PASSIVE;ATTACKER_RECOVERY;ATTACKER_BG_TX
1152;185;74;ERROR_PASSIVE;ATTACKER_RECOVERY;ATTACKER_BG_TX
1153;185;74;ERROR_PASSIVE;IDLE;IDLE
1154;185;74;ERROR_PASSIVE;IDLE;IDLE
1155;185;74;ERROR_PASSIVE;IDLE;IDLE
1156;185;74;ERROR_PASSIVE;IDLE;IDLE
1157;185;74;ERROR_PASSIVE;IDLE;IDLE
1158;185;74;ERROR_PASSIVE;IDLE;IDLE
1159;185;74;ERROR_PASSIVE;IDLE;IDLE
1160;193;82;ERROR_PASSIVE;ATTACK_COLLISION;VICTIM_TX
1161;192;82;ERROR_PASSIVE;VICTIM_RETRANSMIT_SUCCESS;VICTIM_TX
1162;192;81;ERROR_PASSIVE;ATTACKER_RECOVERY;ATTACKER_BG_TX
1163;192;80;ERROR_PASSIVE;ATTACKER_RECOVERY;ATTACKER_BG_TX
1164;192;80;ERROR_PASSIVE;IDLE;IDLE
1165;192;80;ERROR_PASSIVE;IDLE;IDLE
1166;192;80;ERROR_PASSIVE;IDLE;IDLE
1167;192;80;ERROR_PASSIVE;IDLE;IDLE
1168;192;80;ERROR_PASSIVE;IDLE;IDLE
1169;192;80;ERROR_PASSIVE;IDLE;IDLE
1170;191;80;ERROR_PASSIVE;SKIPPING_TX;VICTIM_TX
1171;191;79;ERROR_PASSIVE;ATTACKER_RECOVERY;ATTACKER_BG_TX
1172;191;78;ERROR_PASSIVE;ATTACKER_RECOVERY;ATTACKER_BG_TX
1173;191;78;ERROR_PASSIVE;IDLE;IDLE
1174;191;78;ERROR_PASSIVE;IDLE;IDLE
1175;191;78;ERROR_PASSIVE;IDLE;IDLE
1176;191;78;ERROR_PASSIVE;IDLE;IDLE
1177;191;78;ERROR_PASSIVE;IDLE;IDLE
1178;191;78;ERROR_PASSIVE;IDLE;IDLE
1179;191;78;ERROR_PASSIVE;IDLE;IDLE
1180;190;78;ERROR_PASSIVE;SKIPPING_TX;VICTIM_TX
1181;190;77;ERROR_PASSIVE;ATTACKER_RECOVERY;ATTACKER_BG_TX
1182;190;76;ERROR_PASSIVE;ATTACKER_RECOVERY;ATTACKER_BG_TX
1183;190;76;ERROR_PASSIVE;IDLE;IDLE
1184;190;76;ERROR_PASSIVE;IDLE;IDLE
1185;190;76;ERROR_PASSIVE;IDLE;IDLE
1186;190;76;ERROR_PASSIVE;IDLE;IDLE
1187;190;76;ERROR_PASSIVE;IDLE;IDLE
1188;190;76;ERROR_PASSIVE;IDLE;IDLE
1189;190;76;ERROR_PASSIVE;IDLE;IDLE
1190;198;84;ERROR_PASSIVE;ATTACK_COLLISION;VICTIM_TX
1191;197;84;ERROR_PASSIVE;VICTIM_RETRANSMIT_SUCCESS;VICTIM_TX
1192;197;83;ERROR_PASSIVE;ATTACKER_RECOVERY;ATTACKER_BG_TX
1193;197;82;ERROR_PASSIVE;ATTACKER_RECOVERY;ATTACKER_BG_TX
1194;197;82;ERROR_PASSIVE;IDLE;IDLE
1195;197;82;ERROR_PASSIVE;IDLE;IDLE
1196;197;82;ERROR_PASSIVE;IDLE;IDLE
1197;197;82;ERROR_PASSIVE;IDLE;IDLE
1198;197;82;ERROR_PASSIVE;IDLE;IDLE
1199;197;82;ERROR_PASSIVE;IDLE;IDLE
1200;196;82;ERROR_PASSIVE;SKIPPING_TX;VICTIM_TX
1201;196;81;ERROR_PASSIVE;ATTACKER_RECOVERY;ATTACKER_BG_TX
1202;196;80;ERROR_PASSIVE;ATTACKER_RECOVERY;ATTACKER_BG_TX
1203;196;80;ERROR_PASSIVE;IDLE;IDLE
1204;196;80;ERROR_PASSIVE;IDLE;IDLE
1205;196;80;ERROR_PASSIVE;IDLE;IDLE
1206;196;80;ERROR_PASSIVE;IDLE;IDLE
1207;196;80;ERROR_PASSIVE;IDLE;IDLE
1208;196;80;ERROR_PASSIVE;IDLE;IDLE
1209;196;80;ERROR_PASSIVE;IDLE;IDLE
1210;195;80;ERROR_PASSIVE;SKIPPING_TX;VICTIM_TX
1211;195;79;ERROR_PASSIVE;ATTACKER_RECOVERY;ATTACKER_BG_TX
1212;195;78;ERROR_PASSIVE;ATTACKER_RECOVERY;ATTACKER_BG_TX
1213;195;78;ERROR_PASSIVE;IDLE;IDLE
1214;195;78;ERROR_PASSIVE;IDLE;IDLE
1215;195;78;ERROR_PASSIVE;IDLE;IDLE
1216;195;78;ERROR_PASSIVE;IDLE;IDLE
1217;195;78;ERROR_PASSIVE;IDLE;IDLE
1218;195;78;ERROR_PASSIVE;IDLE;IDLE
1219;195;78;ERROR_PASSIVE;IDLE;IDLE
1220;203;86;ERROR_PASSIVE;ATTACK_COLLISION;VICTIM_TX
1221;202;86;ERROR_PASSIVE;VICTIM_RETRANSMIT_SUCCESS;VICTIM_TX
1222;202;85;ERROR_PASSIVE;ATTACKER_RECOVERY;ATTACKER_BG_TX
1223;202;84;ERROR_PASSIVE;ATTACKER_RECOVERY;ATTACKER_BG_TX
1224;202;84;ERROR_PASSIVE;IDLE;IDLE
1225;202;84;ERROR_PASSIVE;IDLE;IDLE
1226;202;84;ERROR_PASSIVE;IDLE;IDLE
1227;202;84;ERROR_PASSIVE;IDLE;IDLE
1228;202;84;ERROR_PASSIVE;IDLE;IDLE
1229;202;84;ERROR_PASSIVE;IDLE;IDLE
1230;201;84;ERROR_PASSIVE;SKIPPING_TX;VICTIM_TX
1231;201;83;ERROR_PASSIVE;ATTACKER_RECOVERY;ATTACKER_BG_TX
1232;201;82;ERROR_PASSIVE;ATTACKER_RECOVERY;ATTACKER_BG_TX
1233;201;82;ERROR_PASSIVE;IDLE;IDLE
1234;201;82;ERROR_PASSIVE;IDLE;IDLE
1235;201;82;ERROR_PASSIVE;IDLE;IDLE
1236;201;82;ERROR_PASSIVE;IDLE;IDLE
1237;201;82;ERROR_PASSIVE;IDLE;IDLE
1238;201;82;ERROR_PASSIVE;IDLE;IDLE
1239;201;82;ERROR_PASSIVE;IDLE;IDLE
1240;200;82;ERROR_PASSIVE;SKIPPING_TX;VICTIM_TX
1241;200;81;ERROR_PASSIVE;ATTACKER_RECOVERY;ATTACKER_BG_TX
1242;200;80;ERROR_PASSIVE;ATTACKER_RECOVERY;ATTACKER_BG_TX
1243;200;80;ERROR_PASSIVE;IDLE;IDLE
1244;200;80;ERROR_PASSIVE;IDLE;IDLE
1245;200;80;ERROR_PASSIVE;IDLE;IDLE
1246;200;80;ERROR_PASSIVE;IDLE;IDLE
1247;200;80;ERROR_PASSIVE;IDLE;IDLE
1248;200;80;ERROR_PASSIVE;IDLE;IDLE
1249;200;80;ERROR_PASSIVE;IDLE;IDLE
1250;208;88;ERROR_PASSIVE;ATTACK_COLLISION;VICTIM_TX
1251;207;88;ERROR_PASSIVE;VICTIM_RETRANSMIT_SUCCESS;VICTIM_TX
1252;207;87;ERROR_PASSIVE;ATTACKER_RECOVERY;ATTACKER_BG_TX
1253;207;86;ERROR_PASSIVE;ATTACKER_RECOVERY;ATTACKER_BG_TX
1254;207;86;ERROR_PASSIVE;IDLE;IDLE
1255;207;86;ERROR_PASSIVE;IDLE;IDLE
1256;207;86;ERROR_PASSIVE;IDLE;IDLE
1257;207;86;ERROR_PASSIVE;IDLE;IDLE
1258;207;86;ERROR_PASSIVE;IDLE;IDLE
1259;207;86;ERROR_PASSIVE;IDLE;IDLE
1260;206;86;ERROR_PASSIVE;SKIPPING_TX;VICTIM_TX
1261;206;85;ERROR_PASSIVE;ATTACKER_RECOVERY;ATTACKER_BG_TX
1262;206;84;ERROR_PASSIVE;ATTACKER_RECOVERY;ATTACKER_BG_TX
1263;206;84;ERROR_PASSIVE;IDLE;IDLE
1264;206;84;ERROR_PASSIVE;IDLE;IDLE
1265;206;84;ERROR_PASSIVE;IDLE;IDLE
1266;206;84;ERROR_PASSIVE;IDLE;IDLE
1267;206;84;ERROR_PASSIVE;IDLE;IDLE
1268;206;84;ERROR_PASSIVE;IDLE;IDLE
1269;206;84;ERROR_PASSIVE;IDLE;IDLE
1270;205;84;ERROR_PASSIVE;SKIPPING_TX;VICTIM_TX
1271;205;83;ERROR_PASSIVE;ATTACKER_RECOVERY;ATTACKER_BG_TX
1272;205;82;ERROR_PASSIVE;ATTACKER_RECOVERY;ATTACKER_BG_TX
1273;205;82;ERROR_PASSIVE;IDLE;IDLE
1274;205;82;ERROR_PASSIVE;IDLE;IDLE
1275;205;82;ERROR_PASSIVE;IDLE;IDLE
1276;205;82;ERROR_PASSIVE;IDLE;IDLE
1277;205;82;ERROR_PASSIVE;IDLE;IDLE
1278;205;82;ERROR_PASSIVE;IDLE;IDLE
1279;205;82;ERROR_PASSIVE;IDLE;IDLE
1280;213;90;ERROR_PASSIVE;ATTACK_COLLISION;VICTIM_TX
1281;212;90;ERROR_PASSIVE;VICTIM_RETRANSMIT_SUCCESS;VICTIM_TX
1282;212;89;ERROR_PASSIVE;ATTACKER_RECOVERY;ATTACKER_BG_TX
1283;212;88;ERROR_PASSIVE;ATTACKER_RECOVERY;ATTACKER_BG_TX
1284;212;88;ERROR_PASSIVE;IDLE;IDLE
1285;212;88;ERROR_PASSIVE;IDLE;IDLE
1286;212;88;ERROR_PASSIVE;IDLE;IDLE
1287;212;88;ERROR_PASSIVE;IDLE;IDLE
1288;212;88;ERROR_PASSIVE;IDLE;IDLE
1289;212;88;ERROR_PASSIVE;IDLE;IDLE
1290;211;88;ERROR_PASSIVE;SKIPPING_TX;VICTIM_TX
1291;211;87;ERROR_PASSIVE;ATTACKER_RECOVERY;ATTACKER_BG_TX
1292;211;86;ERROR_PASSIVE;ATTACKER_RECOVERY;ATTACKER_BG_TX
1293;211;86;ERROR_PASSIVE;IDLE;IDLE
1294;211;86;ERROR_PASSIVE;IDLE;IDLE
1295;211;86;ERROR_PASSIVE;IDLE;IDLE
1296;211;86;ERROR_PASSIVE;IDLE;IDLE
1297;211;86;ERROR_PASSIVE;IDLE;IDLE
1298;211;86;ERROR_PASSIVE;IDLE;IDLE
1299;211;86;ERROR_PASSIVE;IDLE;IDLE
1300;210;86;ERROR_PASSIVE;SKIPPING_TX;VICTIM_TX
1301;210;85;ERROR_PASSIVE;ATTACKER_RECOVERY;ATTACKER_BG_TX
1302;210;84;ERROR_PASSIVE;ATTACKER_RECOVERY;ATTACKER_BG_TX
1303;210;84;ERROR_PASSIVE;IDLE;IDLE
1304;210;84;ERROR_PASSIVE;IDLE;IDLE
1305;210;84;ERROR_PASSIVE;IDLE;IDLE
1306;210;84;ERROR_PASSIVE;IDLE;IDLE
1307;210;84;ERROR_PASSIVE;IDLE;IDLE
1308;210;84;ERROR_PASSIVE;IDLE;IDLE
1309;210;84;ERROR_PASSIVE;IDLE;IDLE
1310;218;92;ERROR_PASSIVE;ATTACK_COLLISION;VICTIM_TX
1311;217;92;ERROR_PASSIVE;VICTIM_RETRANSMIT_SUCCESS;VICTIM_TX
1312;217;91;ERROR_PASSIVE;ATTACKER_RECOVERY;ATTACKER_BG_TX
1313;217;90;ERROR_PASSIVE;ATTACKER_RECOVERY;ATTACKER_BG_TX
1314;217;90;ERROR_PASSIVE;IDLE;IDLE
1315;217;90;ERROR_PASSIVE;IDLE;IDLE
1316;217;90;ERROR_PASSIVE;IDLE;IDLE
1317;217;90;ERROR_PASSIVE;IDLE;IDLE
1318;217;90;ERROR_PASSIVE;IDLE;IDLE
1319;217;90;ERROR_PASSIVE;IDLE;IDLE
1320;216;90;ERROR_PASSIVE;SKIPPING_TX;VICTIM_TX
1321;216;89;ERROR_PASSIVE;ATTACKER_RECOVERY;ATTACKER_BG_TX
1322;216;88;ERROR_PASSIVE;ATTACKER_RECOVERY;ATTACKER_BG_TX
1323;216;88;ERROR_PASSIVE;IDLE;IDLE
1324;216;88;ERROR_PASSIVE;IDLE;IDLE
1325;216;88;ERROR_PASSIVE;IDLE;IDLE
1326;216;88;ERROR_PASSIVE;IDLE;IDLE
1327;216;88;ERROR_PASSIVE;IDLE;IDLE
1328;216;88;ERROR_PASSIVE;IDLE;IDLE
1329;216;88;ERROR_PASSIVE;IDLE;IDLE
1330;215;88;ERROR_PASSIVE;SKIPPING_TX;VICTIM_TX
1331;215;87;ERROR_PASSIVE;ATTACKER_RECOVERY;ATTACKER_BG_TX
1332;215;86;ERROR_PASSIVE;ATTACKER_RECOVERY;ATTACKER_BG_TX
1333;215;86;ERROR_PASSIVE;IDLE;IDLE
1334;215;86;ERROR_PASSIVE;IDLE;IDLE
1335;215;86;ERROR_PASSIVE;IDLE;IDLE
1336;215;86;ERROR_PASSIVE;IDLE;IDLE
1337;215;86;ERROR_PASSIVE;IDLE;IDLE
1338;215;86;ERROR_PASSIVE;IDLE;IDLE
1339;215;86;ERROR_PASSIVE;IDLE;IDLE
1340;223;94;ERROR_PASSIVE;ATTACK_COLLISION;VICTIM_TX
1341;222;94;ERROR_PASSIVE;VICTIM_RETRANSMIT_SUCCESS;VICTIM_TX
1342;222;93;ERROR_PASSIVE;ATTACKER_RECOVERY;ATTACKER_BG_TX
1343;222;92;ERROR_PASSIVE;ATTACKER_RECOVERY;ATTACKER_BG_TX
1344;222;92;ERROR_PASSIVE;IDLE;IDLE
1345;222;92;ERROR_PASSIVE;IDLE;IDLE
1346;222;92;ERROR_PASSIVE;IDLE;IDLE
1347;222;92;ERROR_PASSIVE;IDLE;IDLE
1348;222;92;ERROR_PASSIVE;IDLE;IDLE
1349;222;92;ERROR_PASSIVE;IDLE;IDLE
1350;221;92;ERROR_PASSIVE;SKIPPING_TX;VICTIM_TX
1351;221;91;ERROR_PASSIVE;ATTACKER_RECOVERY;ATTACKER_BG_TX
1352;221;90;ERROR_PASSIVE;ATTACKER_RECOVERY;ATTACKER_BG_TX
1353;221;90;ERROR_PASSIVE;IDLE;IDLE
1354;221;90;ERROR_PASSIVE;IDLE;IDLE
1355;221;90;ERROR_PASSIVE;IDLE;IDLE
1356;221;90;ERROR_PASSIVE;IDLE;IDLE
1357;221;90;ERROR_PASSIVE;IDLE;IDLE
1358;221;90;ERROR_PASSIVE;IDLE;IDLE
1359;221;90;ERROR_PASSIVE;IDLE;IDLE
1360;220;90;ERROR_PASSIVE;SKIPPING_TX;VICTIM_TX
1361;220;89;ERROR_PASSIVE;ATTACKER_RECOVERY;ATTACKER_BG_TX
1362;220;88;ERROR_PASSIVE;ATTACKER_RECOVERY;ATTACKER_BG_TX
1363;220;88;ERROR_PASSIVE;IDLE;IDLE
1364;220;88;ERROR_PASSIVE;IDLE;IDLE
1365;220;88;ERROR_PASSIVE;IDLE;IDLE
1366;220;88;ERROR_PASSIVE;IDLE;IDLE
1367;220;88;ERROR_PASSIVE;IDLE;IDLE
1368;220;88;ERROR_PASSIVE;IDLE;IDLE
1369;220;88;ERROR_PASSIVE;IDLE;IDLE
1370;228;96;ERROR_PASSIVE;ATTACK_COLLISION;VICTIM_TX
1371;227;96;ERROR_PASSIVE;VICTIM_RETRANSMIT_SUCCESS;VICTIM_TX
1372;227;95;ERROR_PASSIVE;ATTACKER_RECOVERY;ATTACKER_BG_TX
1373;227;94;ERROR_PASSIVE;ATTACKER_RECOVERY;ATTACKER_BG_TX
1374;227;94;ERROR_PASSIVE;IDLE;IDLE
1375;227;94;ERROR_PASSIVE;IDLE;IDLE
1376;227;94;ERROR_PASSIVE;IDLE;IDLE
1377;227;94;ERROR_PASSIVE;IDLE;IDLE
1378;227;94;ERROR_PASSIVE;IDLE;IDLE
1379;227;94;ERROR_PASSIVE;IDLE;IDLE
1380;226;94;ERROR_PASSIVE;SKIPPING_TX;VICTIM_TX
1381;226;93;ERROR_PASSIVE;ATTACKER_RECOVERY;ATTACKER_BG_TX
1382;226;92;ERROR_PASSIVE;ATTACKER_RECOVERY;ATTACKER_BG_TX
1383;226;92;ERROR_PASSIVE;IDLE;IDLE
1384;226;92;ERROR_PASSIVE;IDLE;IDLE
1385;226;92;ERROR_PASSIVE;IDLE;IDLE
1386;226;92;ERROR_PASSIVE;IDLE;IDLE
1387;226;92;ERROR_PASSIVE;IDLE;IDLE
1388;226;92;ERROR_PASSIVE;IDLE;IDLE
1389;226;92;ERROR_PASSIVE;IDLE;IDLE
1390;225;92;ERROR_PASSIVE;SKIPPING_TX;VICTIM_TX
1391;225;91;ERROR_PASSIVE;ATTACKER_RECOVERY;ATTACKER_BG_TX
1392;225;90;ERROR_PASSIVE;ATTACKER_RECOVERY;ATTACKER_BG_TX
1393;225;90;ERROR_PASSIVE;IDLE;IDLE
1394;225;90;ERROR_PASSIVE;IDLE;IDLE
1395;225;90;ERROR_PASSIVE;IDLE;IDLE
1396;225;90;ERROR_PASSIVE;IDLE;IDLE
1397;225;90;ERROR_PASSIVE;IDLE;IDLE
1398;225;90;ERROR_PASSIVE;IDLE;IDLE
1399;225;90;ERROR_PASSIVE;IDLE;IDLE
1400;233;98;ERROR_PASSIVE;ATTACK_COLLISION;VICTIM_TX
1401;232;98;ERROR_PASSIVE;VICTIM_RETRANSMIT_SUCCESS;VICTIM_TX
1402;232;97;ERROR_PASSIVE;ATTACKER_RECOVERY;ATTACKER_BG_TX
1403;232;96;ERROR_PASSIVE;ATTACKER_RECOVERY;ATTACKER_BG_TX
1404;232;96;ERROR_PASSIVE;IDLE;IDLE
1405;232;96;ERROR_PASSIVE;IDLE;IDLE
1406;232;96;ERROR_PASSIVE;IDLE;IDLE
1407;232;96;ERROR_PASSIVE;IDLE;IDLE
1408;232;96;ERROR_PASSIVE;IDLE;IDLE
1409;232;96;ERROR_PASSIVE;IDLE;IDLE
1410;231;96;ERROR_PASSIVE;SKIPPING_TX;VICTIM_TX
1411;231;95;ERROR_PASSIVE;ATTACKER_RECOVERY;ATTACKER_BG_TX
1412;231;94;ERROR_PASSIVE;ATTACKER_RECOVERY;ATTACKER_BG_TX
1413;231;94;ERROR_PASSIVE;IDLE;IDLE
1414;231;94;ERROR_PASSIVE;IDLE;IDLE
1415;231;94;ERROR_PASSIVE;IDLE;IDLE
1416;231;94;ERROR_PASSIVE;IDLE;IDLE
1417;231;94;ERROR_PASSIVE;IDLE;IDLE
1418;231;94;ERROR_PASSIVE;IDLE;IDLE
1419;231;94;ERROR_PASSIVE;IDLE;IDLE
1420;230;94;ERROR_PASSIVE;SKIPPING_TX;VICTIM_TX
1421;230;93;ERROR_PASSIVE;ATTACKER_RECOVERY;ATTACKER_BG_TX
1422;230;92;ERROR_PASSIVE;ATTACKER_RECOVERY;ATTACKER_BG_TX
1423;230;92;ERROR_PASSIVE;IDLE;IDLE
1424;230;92;ERROR_PASSIVE;IDLE;IDLE
1425;230;92;ERROR_PASSIVE;IDLE;IDLE
1426;230;92;ERROR_PASSIVE;IDLE;IDLE
1427;230;92;ERROR_PASSIVE;IDLE;IDLE
1428;230;92;ERROR_PASSIVE;IDLE;IDLE
1429;230;92;ERROR_PASSIVE;IDLE;IDLE
1430;238;100;ERROR_PASSIVE;ATTACK_COLLISION;VICTIM_TX
1431;237;100;ERROR_PASSIVE;VICTIM_RETRANSMIT_SUCCESS;VICTIM_TX
1432;237;99;ERROR_PASSIVE;ATTACKER_RECOVERY;ATTACKER_BG_TX
1433;237;98;ERROR_PASSIVE;ATTACKER_RECOVERY;ATTACKER_BG_TX
1434;237;98;ERROR_PASSIVE;IDLE;IDLE
1435;237;98;ERROR_PASSIVE;IDLE;IDLE
1436;237;98;ERROR_PASSIVE;IDLE;IDLE
1437;237;98;ERROR_PASSIVE;IDLE;IDLE
1438;237;98;ERROR_PASSIVE;IDLE;IDLE
1439;237;98;ERROR_PASSIVE;IDLE;IDLE
1440;236;98;ERROR_PASSIVE;SKIPPING_TX;VICTIM_TX
1441;236;97;ERROR_PASSIVE;ATTACKER_RECOVERY;ATTACKER_BG_TX
1442;236;96;ERROR_PASSIVE;ATTACKER_RECOVERY;ATTACKER_BG_TX
1443;236;96;ERROR_PASSIVE;IDLE;IDLE
1444;236;96;ERROR_PASSIVE;IDLE;IDLE
1445;236;96;ERROR_PASSIVE;IDLE;IDLE
1446;236;96;ERROR_PASSIVE;IDLE;IDLE
1447;236;96;ERROR_PASSIVE;IDLE;IDLE
1448;236;96;ERROR_PASSIVE;IDLE;IDLE
1449;236;96;ERROR_PASSIVE;IDLE;IDLE
1450;235;96;ERROR_PASSIVE;SKIPPING_TX;VICTIM_TX
1451;235;95;ERROR_PASSIVE;ATTACKER_RECOVERY;ATTACKER_BG_TX
1452;235;94;ERROR_PASSIVE;ATTACKER_RECOVERY;ATTACKER_BG_TX
1453;235;94;ERROR_PASSIVE;IDLE;IDLE
1454;235;94;ERROR_PASSIVE;IDLE;IDLE
1455;235;94;ERROR_PASSIVE;IDLE;IDLE
1456;235;94;ERROR_PASSIVE;IDLE;IDLE
1457;235;94;ERROR_PASSIVE;IDLE;IDLE
1458;235;94;ERROR_PASSIVE;IDLE;IDLE
1459;235;94;ERROR_PASSIVE;IDLE;IDLE
1460;243;102;ERROR_PASSIVE;ATTACK_COLLISION;VICTIM_TX
1461;242;102;ERROR_PASSIVE;VICTIM_RETRANSMIT_SUCCESS;VICTIM_TX
1462;242;101;ERROR_PASSIVE;ATTACKER_RECOVERY;ATTACKER_BG_TX
1463;242;100;ERROR_PASSIVE;ATTACKER_RECOVERY;ATTACKER_BG_TX
1464;242;100;ERROR_PASSIVE;IDLE;IDLE
1465;242;100;ERROR_PASSIVE;IDLE;IDLE
1466;242;100;ERROR_PASSIVE;IDLE;IDLE
1467;242;100;ERROR_PASSIVE;IDLE;IDLE
1468;242;100;ERROR_PASSIVE;IDLE;IDLE
1469;242;100;ERROR_PASSIVE;IDLE;IDLE
1470;241;100;ERROR_PASSIVE;SKIPPING_TX;VICTIM_TX
1471;241;99;ERROR_PASSIVE;ATTACKER_RECOVERY;ATTACKER_BG_TX
1472;241;98;ERROR_PASSIVE;ATTACKER_RECOVERY;ATTACKER_BG_TX
1473;241;98;ERROR_PASSIVE;IDLE;IDLE
1474;241;98;ERROR_PASSIVE;IDLE;IDLE
1475;241;98;ERROR_PASSIVE;IDLE;IDLE
1476;241;98;ERROR_PASSIVE;IDLE;IDLE
1477;241;98;ERROR_PASSIVE;IDLE;IDLE
1478;241;98;ERROR_PASSIVE;IDLE;IDLE
1479;241;98;ERROR_PASSIVE;IDLE;IDLE
1480;240;98;ERROR_PASSIVE;SKIPPING_TX;VICTIM_TX
1481;240;97;ERROR_PASSIVE;ATTACKER_RECOVERY;ATTACKER_BG_TX
1482;240;96;ERROR_PASSIVE;ATTACKER_RECOVERY;ATTACKER_BG_TX
1483;240;96;ERROR_PASSIVE;IDLE;IDLE
1484;240;96;ERROR_PASSIVE;IDLE;IDLE
1485;240;96;ERROR_PASSIVE;IDLE;IDLE
1486;240;96;ERROR_PASSIVE;IDLE;IDLE
1487;240;96;ERROR_PASSIVE;IDLE;IDLE
1488;240;96;ERROR_PASSIVE;IDLE;IDLE
1489;240;96;ERROR_PASSIVE;IDLE;IDLE
1490;248;104;ERROR_PASSIVE;ATTACK_COLLISION;VICTIM_TX
1491;247;104;ERROR_PASSIVE;VICTIM_RETRANSMIT_SUCCESS;VICTIM_TX
1492;247;103;ERROR_PASSIVE;ATTACKER_RECOVERY;ATTACKER_BG_TX
1493;247;102;ERROR_PASSIVE;ATTACKER_RECOVERY;ATTACKER_BG_TX
1494;247;102;ERROR_PASSIVE;IDLE;IDLE
1495;247;102;ERROR_PASSIVE;IDLE;IDLE
1496;247;102;ERROR_PASSIVE;IDLE;IDLE
1497;247;102;ERROR_PASSIVE;IDLE;IDLE
1498;247;102;ERROR_PASSIVE;IDLE;IDLE
1499;247;102;ERROR_PASSIVE;IDLE;IDLE
1500;246;102;ERROR_PASSIVE;SKIPPING_TX;VICTIM_TX
1501;246;101;ERROR_PASSIVE;ATTACKER_RECOVERY;ATTACKER_BG_TX
1502;246;100;ERROR_PASSIVE;ATTACKER_RECOVERY;ATTACKER_BG_TX
1503;246;100;ERROR_PASSIVE;IDLE;IDLE
1504;246;100;ERROR_PASSIVE;IDLE;IDLE
1505;246;100;ERROR_PASSIVE;IDLE;IDLE
1506;246;100;ERROR_PASSIVE;IDLE;IDLE
1507;246;100;ERROR_PASSIVE;IDLE;IDLE
1508;246;100;ERROR_PASSIVE;IDLE;IDLE
1509;246;100;ERROR_PASSIVE;IDLE;IDLE
1510;245;100;ERROR_PASSIVE;SKIPPING_TX;VICTIM_TX
1511;245;99;ERROR_PASSIVE;ATTACKER_RECOVERY;ATTACKER_BG_TX
1512;245;98;ERROR_PASSIVE;ATTACKER_RECOVERY;ATTACKER_BG_TX
1513;245;98;ERROR_PASSIVE;IDLE;IDLE
1514;245;98;ERROR_PASSIVE;IDLE;IDLE
1515;245;98;ERROR_PASSIVE;IDLE;IDLE
1516;245;98;ERROR_PASSIVE;IDLE;IDLE
1517;245;98;ERROR_PASSIVE;IDLE;IDLE
1518;245;98;ERROR_PASSIVE;IDLE;IDLE
1519;245;98;ERROR_PASSIVE;IDLE;IDLE
1520;253;106;ERROR_PASSIVE;ATTACK_COLLISION;VICTIM_TX
1521;252;106;ERROR_PASSIVE;VICTIM_RETRANSMIT_SUCCESS;VICTIM_TX
1522;252;105;ERROR_PASSIVE;ATTACKER_RECOVERY;ATTACKER_BG_TX
1523;252;104;ERROR_PASSIVE;ATTACKER_RECOVERY;ATTACKER_BG_TX
1524;252;104;ERROR_PASSIVE;IDLE;IDLE
1525;252;104;ERROR_PASSIVE;IDLE;IDLE
1526;252;104;ERROR_PASSIVE;IDLE;IDLE
1527;252;104;ERROR_PASSIVE;IDLE;IDLE
1528;252;104;ERROR_PASSIVE;IDLE;IDLE
1529;252;104;ERROR_PASSIVE;IDLE;IDLE
1530;251;104;ERROR_PASSIVE;SKIPPING_TX;VICTIM_TX
1531;251;103;ERROR_PASSIVE;ATTACKER_RECOVERY;ATTACKER_BG_TX
1532;251;102;ERROR_PASSIVE;ATTACKER_RECOVERY;ATTACKER_BG_TX
1533;251;102;ERROR_PASSIVE;IDLE;IDLE
1534;251;102;ERROR_PASSIVE;IDLE;IDLE
1535;251;102;ERROR_PASSIVE;IDLE;IDLE
1536;251;102;ERROR_PASSIVE;IDLE;IDLE
1537;251;102;ERROR_PASSIVE;IDLE;IDLE
1538;251;102;ERROR_PASSIVE;IDLE;IDLE
1539;251;102;ERROR_PASSIVE;IDLE;IDLE
1540;250;102;ERROR_PASSIVE;SKIPPING_TX;VICTIM_TX
1541;250;101;ERROR_PASSIVE;ATTACKER_RECOVERY;ATTACKER_BG_TX
1542;250;100;ERROR_PASSIVE;ATTACKER_RECOVERY;ATTACKER_BG_TX
1543;250;100;ERROR_PASSIVE;IDLE;IDLE
1544;250;100;ERROR_PASSIVE;IDLE;IDLE
1545;250;100;ERROR_PASSIVE;IDLE;IDLE
1546;250;100;ERROR_PASSIVE;IDLE;IDLE
1547;250;100;ERROR_PASSIVE;IDLE;IDLE
1548;250;100;ERROR_PASSIVE;IDLE;IDLE
1549;250;100;ERROR_PASSIVE;IDLE;IDLE
1550;258;108;BUS_OFF;ATTACK_COLLISION;VICTIM_TX
1551;258;107;BUS_OFF;VICTIM_KILLED;SILENCE
1552;258;106;BUS_OFF;IDLE;SILENCE
1553;258;106;BUS_OFF;IDLE;SILENCE
1554;258;106;BUS_OFF;IDLE;SILENCE
1555;258;106;BUS_OFF;IDLE;SILENCE
1556;258;106;BUS_OFF;IDLE;SILENCE
1557;258;106;BUS_OFF;IDLE;SILENCE
1558;258;106;BUS_OFF;IDLE;SILENCE
1559;258;106;BUS_OFF;IDLE;SILENCE
1560;258;106;BUS_OFF;IDLE;SILENCE
1561;258;106;BUS_OFF;IDLE;SILENCE
1562;258;106;BUS_OFF;IDLE;SILENCE
1563;258;106;BUS_OFF;IDLE;SILENCE
1564;258;106;BUS_OFF;IDLE;SILENCE
1565;258;106;BUS_OFF;IDLE;SILENCE
1566;258;106;BUS_OFF;IDLE;SILENCE
1567;258;106;BUS_OFF;IDLE;SILENCE
1568;258;106;BUS_OFF;IDLE;SILENCE
1569;258;106;BUS_OFF;IDLE;SILENCE
1570;258;106;BUS_OFF;IDLE;SILENCE
1571;258;106;BUS_OFF;IDLE;SILENCE
1572;258;106;BUS_OFF;IDLE;SILENCE
1573;258;106;BUS_OFF;IDLE;SILENCE
1574;258;106;BUS_OFF;IDLE;SILENCE
1575;258;106;BUS_OFF;IDLE;SILENCE
1576;258;106;BUS_OFF;IDLE;SILENCE
1577;258;106;BUS_OFF;IDLE;SILENCE
1578;258;106;BUS_OFF;IDLE;SILENCE
1579;258;106;BUS_OFF;IDLE;SILENCE
1580;258;106;BUS_OFF;IDLE;SILENCE
1581;258;106;BUS_OFF;IDLE;SILENCE
1582;258;106;BUS_OFF;IDLE;SILENCE
1583;258;106;BUS_OFF;IDLE;SILENCE
1584;258;106;BUS_OFF;IDLE;SILENCE
1585;258;106;BUS_OFF;IDLE;SILENCE
1586;258;106;BUS_OFF;IDLE;SILENCE
1587;258;106;BUS_OFF;IDLE;SILENCE
1588;258;106;BUS_OFF;IDLE;SILENCE
1589;258;106;BUS_OFF;IDLE;SILENCE
1590;258;106;BUS_OFF;IDLE;SILENCE
1591;258;106;BUS_OFF;IDLE;SILENCE
1592;258;106;BUS_OFF;IDLE;SILENCE
1593;258;106;BUS_OFF;IDLE;SILENCE
1594;258;106;BUS_OFF;IDLE;SILENCE
1595;258;106;BUS_OFF;IDLE;SILENCE
1596;258;106;BUS_OFF;IDLE;SILENCE
1597;258;106;BUS_OFF;IDLE;SILENCE
1598;258;106;BUS_OFF;IDLE;SILENCE
1599;258;106;BUS_OFF;IDLE;SILENCE
1600;258;106;BUS_OFF;IDLE;SILENCE
1601;258;106;BUS_OFF;IDLE;SILENCE
1602;258;106;BUS_OFF;IDLE;SILENCE
1603;258;106;BUS_OFF;IDLE;SILENCE
1604;258;106;BUS_OFF;IDLE;SILENCE
1605;258;106;BUS_OFF;IDLE;SILENCE
1606;258;106;BUS_OFF;IDLE;SILENCE
1607;258;106;BUS_OFF;IDLE;SILENCE
1608;258;106;BUS_OFF;IDLE;SILENCE
1609;258;106;BUS_OFF;IDLE;SILENCE
1610;258;106;BUS_OFF;IDLE;SILENCE
1611;258;106;BUS_OFF;IDLE;SILENCE
1612;258;106;BUS_OFF;IDLE;SILENCE
1613;258;106;BUS_OFF;IDLE;SILENCE
1614;258;106;BUS_OFF;IDLE;SILENCE
1615;258;106;BUS_OFF;IDLE;SILENCE
1616;258;106;BUS_OFF;IDLE;SILENCE
1617;258;106;BUS_OFF;IDLE;SILENCE
1618;258;106;BUS_OFF;IDLE;SILENCE
1619;258;106;BUS_OFF;IDLE;SILENCE
1620;258;106;BUS_OFF;IDLE;SILENCE
1621;258;106;BUS_OFF;IDLE;SILENCE
1622;258;106;BUS_OFF;IDLE;SILENCE
1623;258;106;BUS_OFF;IDLE;SILENCE
1624;258;106;BUS_OFF;IDLE;SILENCE
1625;258;106;BUS_OFF;IDLE;SILENCE
1626;258;106;BUS_OFF;IDLE;SILENCE
1627;258;106;BUS_OFF;IDLE;SILENCE
1628;258;106;BUS_OFF;IDLE;SILENCE
1629;258;106;BUS_OFF;IDLE;SILENCE
1630;258;106;BUS_OFF;IDLE;SILENCE
1631;258;106;BUS_OFF;IDLE;SILENCE
1632;258;106;BUS_OFF;IDLE;SILENCE
1633;258;106;BUS_OFF;IDLE;SILENCE
1634;258;106;BUS_OFF;IDLE;SILENCE
1635;258;106;BUS_OFF;IDLE;SILENCE
1636;258;106;BUS_OFF;IDLE;SILENCE
1637;258;106;BUS_OFF;IDLE;SILENCE
1638;258;106;BUS_OFF;IDLE;SILENCE
1639;258;106;BUS_OFF;IDLE;SILENCE
1640;258;106;BUS_OFF;IDLE;SILENCE
1641;258;106;BUS_OFF;IDLE;SILENCE
1642;258;106;BUS_OFF;IDLE;SILENCE
1643;258;106;BUS_OFF;IDLE;SILENCE
1644;258;106;BUS_OFF;IDLE;SILENCE
1645;258;106;BUS_OFF;IDLE;SILENCE
1646;258;106;BUS_OFF;IDLE;SILENCE
1647;258;106;BUS_OFF;IDLE;SILENCE
1648;258;106;BUS_OFF;IDLE;SILENCE
1649;258;106;BUS_OFF;IDLE;SILENCE
1650;258;106;BUS_OFF;IDLE;SILENCE
1651;258;106;BUS_OFF;IDLE;SILENCE
1652;258;106;BUS_OFF;IDLE;SILENCE
1653;258;106;BUS_OFF;IDLE;SILENCE
1654;258;106;BUS_OFF;IDLE;SILENCE
1655;258;106;BUS_OFF;IDLE;SILENCE
1656;258;106;BUS_OFF;IDLE;SILENCE
1657;258;106;BUS_OFF;IDLE;SILENCE
1658;258;106;BUS_OFF;IDLE;SILENCE
1659;258;106;BUS_OFF;IDLE;SILENCE
1660;258;106;BUS_OFF;IDLE;SILENCE
1661;258;106;BUS_OFF;IDLE;SILENCE
1662;258;106;BUS_OFF;IDLE;SILENCE
1663;258;106;BUS_OFF;IDLE;SILENCE
1664;258;106;BUS_OFF;IDLE;SILENCE
1665;258;106;BUS_OFF;IDLE;SILENCE
1666;258;106;BUS_OFF;IDLE;SILENCE
1667;258;106;BUS_OFF;IDLE;SILENCE
1668;258;106;BUS_OFF;IDLE;SILENCE
1669;258;106;BUS_OFF;IDLE;SILENCE
1670;258;106;BUS_OFF;IDLE;SILENCE
1671;258;106;BUS_OFF;IDLE;SILENCE
1672;258;106;BUS_OFF;IDLE;SILENCE
1673;258;106;BUS_OFF;IDLE;SILENCE
1674;258;106;BUS_OFF;IDLE;SILENCE
1675;258;106;BUS_OFF;IDLE;SILENCE
1676;258;106;BUS_OFF;IDLE;SILENCE
1677;258;106;BUS_OFF;IDLE;SILENCE
1678;258;106;BUS_OFF;IDLE;SILENCE
1679;258;106;BUS_OFF;IDLE;SILENCE
1680;258;106;BUS_OFF;IDLE;SILENCE
1681;258;106;BUS_OFF;IDLE;SILENCE
1682;258;106;BUS_OFF;IDLE;SILENCE
1683;258;106;BUS_OFF;IDLE;SILENCE
1684;258;106;BUS_OFF;IDLE;SILENCE
1685;258;106;BUS_OFF;IDLE;SILENCE
1686;258;106;BUS_OFF;IDLE;SILENCE
1687;258;106;BUS_OFF;IDLE;SILENCE
1688;258;106;BUS_OFF;IDLE;SILENCE
1689;258;106;BUS_OFF;IDLE;SILENCE
1690;258;106;BUS_OFF;IDLE;SILENCE
1691;258;106;BUS_OFF;IDLE;SILENCE
1692;258;106;BUS_OFF;IDLE;SILENCE
1693;258;106;BUS_OFF;IDLE;SILENCE
1694;258;106;BUS_OFF;IDLE;SILENCE
1695;258;106;BUS_OFF;IDLE;SILENCE
1696;258;106;BUS_OFF;IDLE;SILENCE
1697;258;106;BUS_OFF;IDLE;SILENCE
1698;258;106;BUS_OFF;IDLE;SILENCE
1699;258;106;BUS_OFF;IDLE;SILENCE
1700;258;106;BUS_OFF;IDLE;SILENCE
1701;258;106;BUS_OFF;IDLE;SILENCE
1702;258;106;BUS_OFF;IDLE;SILENCE
1703;258;106;BUS_OFF;IDLE;SILENCE
1704;258;106;BUS_OFF;IDLE;SILENCE
1705;258;106;BUS_OFF;IDLE;SILENCE
1706;258;106;BUS_OFF;IDLE;SILENCE
1707;258;106;BUS_OFF;IDLE;SILENCE
1708;258;106;BUS_OFF;IDLE;SILENCE
1709;258;106;BUS_OFF;IDLE;SILENCE
1710;258;106;BUS_OFF;IDLE;SILENCE
1711;258;106;BUS_OFF;IDLE;SILENCE
1712;258;106;BUS_OFF;IDLE;SILENCE
1713;258;106;BUS_OFF;IDLE;SILENCE
1714;258;106;BUS_OFF;IDLE;SILENCE
1715;258;106;BUS_OFF;IDLE;SILENCE
1716;258;106;BUS_OFF;IDLE;SILENCE
1717;258;106;BUS_OFF;IDLE;SILENCE
1718;258;106;BUS_OFF;IDLE;SILENCE
1719;258;106;BUS_OFF;IDLE;SILENCE
1720;258;106;BUS_OFF;IDLE;SILENCE
1721;258;106;BUS_OFF;IDLE;SILENCE
1722;258;106;BUS_OFF;IDLE;SILENCE
1723;258;106;BUS_OFF;IDLE;SILENCE
1724;258;106;BUS_OFF;IDLE;SILENCE
1725;258;106;BUS_OFF;IDLE;SILENCE
1726;258;106;BUS_OFF;IDLE;SILENCE
1727;258;106;BUS_OFF;IDLE;SILENCE
1728;258;106;BUS_OFF;IDLE;SILENCE
1729;258;106;BUS_OFF;IDLE;SILENCE
1730;258;106;BUS_OFF;IDLE;SILENCE
1731;258;106;BUS_OFF;IDLE;SILENCE
1732;258;106;BUS_OFF;IDLE;SILENCE
1733;258;106;BUS_OFF;IDLE;SILENCE
1734;258;106;BUS_OFF;IDLE;SILENCE
1735;258;106;BUS_OFF;IDLE;SILENCE
1736;258;106;BUS_OFF;IDLE;SILENCE
1737;258;106;BUS_OFF;IDLE;SILENCE
1738;258;106;BUS_OFF;IDLE;SILENCE
1739;258;106;BUS_OFF;IDLE;SILENCE
1740;258;106;BUS_OFF;IDLE;SILENCE
1741;258;106;BUS_OFF;IDLE;SILENCE
1742;258;106;BUS_OFF;IDLE;SILENCE
1743;258;106;BUS_OFF;IDLE;SILENCE
1744;258;106;BUS_OFF;IDLE;SILENCE
1745;258;106;BUS_OFF;IDLE;SILENCE
1746;258;106;BUS_OFF;IDLE;SILENCE
1747;258;106;BUS_OFF;IDLE;SILENCE
1748;258;106;BUS_OFF;IDLE;SILENCE
1749;258;106;BUS_OFF;IDLE;SILENCE
1750;258;106;BUS_OFF;IDLE;SILENCE
1751;258;106;BUS_OFF;IDLE;SILENCE
1752;258;106;BUS_OFF;IDLE;SILENCE
1753;258;106;BUS_OFF;IDLE;SILENCE
1754;258;106;BUS_OFF;IDLE;SILENCE
1755;258;106;BUS_OFF;IDLE;SILENCE
1756;258;106;BUS_OFF;IDLE;SILENCE
1757;258;106;BUS_OFF;IDLE;SILENCE
1758;258;106;BUS_OFF;IDLE;SILENCE
1759;258;106;BUS_OFF;IDLE;SILENCE
1760;258;106;BUS_OFF;IDLE;SILENCE
1761;258;106;BUS_OFF;IDLE;SILENCE
1762;258;106;BUS_OFF;IDLE;SILENCE
1763;258;106;BUS_OFF;IDLE;SILENCE
1764;258;106;BUS_OFF;IDLE;SILENCE
1765;258;106;BUS_OFF;IDLE;SILENCE
1766;258;106;BUS_OFF;IDLE;SILENCE
1767;258;106;BUS_OFF;IDLE;SILENCE
1768;258;106;BUS_OFF;IDLE;SILENCE
1769;258;106;BUS_OFF;IDLE;SILENCE
1770;258;106;BUS_OFF;IDLE;SILENCE
1771;258;106;BUS_OFF;IDLE;SILENCE
1772;258;106;BUS_OFF;IDLE;SILENCE
1773;258;106;BUS_OFF;IDLE;SILENCE
1774;258;106;BUS_OFF;IDLE;SILENCE
1775;258;106;BUS_OFF;IDLE;SILENCE
1776;258;106;BUS_OFF;IDLE;SILENCE
1777;258;106;BUS_OFF;IDLE;SILENCE
1778;258;106;BUS_OFF;IDLE;SILENCE
1779;258;106;BUS_OFF;IDLE;SILENCE
1780;258;106;BUS_OFF;IDLE;SILENCE
1781;258;106;BUS_OFF;IDLE;SILENCE
1782;258;106;BUS_OFF;IDLE;SILENCE
1783;258;106;BUS_OFF;IDLE;SILENCE
1784;258;106;BUS_OFF;IDLE;SILENCE
1785;258;106;BUS_OFF;IDLE;SILENCE
1786;258;106;BUS_OFF;IDLE;SILENCE
1787;258;106;BUS_OFF;IDLE;SILENCE
1788;258;106;BUS_OFF;IDLE;SILENCE
1789;258;106;BUS_OFF;IDLE;SILENCE
1790;258;106;BUS_OFF;IDLE;SILENCE
1791;258;106;BUS_OFF;IDLE;SILENCE
1792;258;106;BUS_OFF;IDLE;SILENCE
1793;258;106;BUS_OFF;IDLE;SILENCE
1794;258;106;BUS_OFF;IDLE;SILENCE
1795;258;106;BUS_OFF;IDLE;SILENCE
1796;258;106;BUS_OFF;IDLE;SILENCE
1797;258;106;BUS_OFF;IDLE;SILENCE
1798;258;106;BUS_OFF;IDLE;SILENCE
1799;258;106;BUS_OFF;IDLE;SILENCE
1800;258;106;BUS_OFF;IDLE;SILENCE
1801;258;106;BUS_OFF;IDLE;SILENCE
1802;258;106;BUS_OFF;IDLE;SILENCE
1803;258;106;BUS_OFF;IDLE;SILENCE
1804;258;106;BUS_OFF;IDLE;SILENCE
1805;258;106;BUS_OFF;IDLE;SILENCE
1806;258;106;BUS_OFF;IDLE;SILENCE
1807;258;106;BUS_OFF;IDLE;SILENCE
1808;258;106;BUS_OFF;IDLE;SILENCE
1809;258;106;BUS_OFF;IDLE;SILENCE
1810;258;106;BUS_OFF;IDLE;SILENCE
1811;258;106;BUS_OFF;IDLE;SILENCE
1812;258;106;BUS_OFF;IDLE;SILENCE
1813;258;106;BUS_OFF;IDLE;SILENCE
1814;258;106;BUS_OFF;IDLE;SILENCE
1815;258;106;BUS_OFF;IDLE;SILENCE
1816;258;106;BUS_OFF;IDLE;SILENCE
1817;258;106;BUS_OFF;IDLE;SILENCE
1818;258;106;BUS_OFF;IDLE;SILENCE
1819;258;106;BUS_OFF;IDLE;SILENCE
1820;258;106;BUS_OFF;IDLE;SILENCE
1821;258;106;BUS_OFF;IDLE;SILENCE
1822;258;106;BUS_OFF;IDLE;SILENCE
1823;258;106;BUS_OFF;IDLE;SILENCE
1824;258;106;BUS_OFF;IDLE;SILENCE
1825;258;106;BUS_OFF;IDLE;SILENCE
1826;258;106;BUS_OFF;IDLE;SILENCE
1827;258;106;BUS_OFF;IDLE;SILENCE
1828;258;106;BUS_OFF;IDLE;SILENCE
1829;258;106;BUS_OFF;IDLE;SILENCE
1830;258;106;BUS_OFF;IDLE;SILENCE
1831;258;106;BUS_OFF;IDLE;SILENCE
1832;258;106;BUS_OFF;IDLE;SILENCE
1833;258;106;BUS_OFF;IDLE;SILENCE
1834;258;106;BUS_OFF;IDLE;SILENCE
1835;258;106;BUS_OFF;IDLE;SILENCE
1836;258;106;BUS_OFF;IDLE;SILENCE
1837;258;106;BUS_OFF;IDLE;SILENCE
1838;258;106;BUS_OFF;IDLE;SILENCE
1839;258;106;BUS_OFF;IDLE;SILENCE
1840;258;106;BUS_OFF;IDLE;SILENCE
1841;258;106;BUS_OFF;IDLE;SILENCE
1842;258;106;BUS_OFF;IDLE;SILENCE
1843;258;106;BUS_OFF;IDLE;SILENCE
1844;258;106;BUS_OFF;IDLE;SILENCE
1845;258;106;BUS_OFF;IDLE;SILENCE
1846;258;106;BUS_OFF;IDLE;SILENCE
1847;258;106;BUS_OFF;IDLE;SILENCE
1848;258;106;BUS_OFF;IDLE;SILENCE
1849;258;106;BUS_OFF;IDLE;SILENCE
1850;258;106;BUS_OFF;IDLE;SILENCE
1851;258;106;BUS_OFF;IDLE;SILENCE
1852;258;106;BUS_OFF;IDLE;SILENCE
1853;258;106;BUS_OFF;IDLE;SILENCE
1854;258;106;BUS_OFF;IDLE;SILENCE
1855;258;106;BUS_OFF;IDLE;SILENCE
1856;258;106;BUS_OFF;IDLE;SILENCE
1857;258;106;BUS_OFF;IDLE;SILENCE
1858;258;106;BUS_OFF;IDLE;SILENCE
1859;258;106;BUS_OFF;IDLE;SILENCE
1860;258;106;BUS_OFF;IDLE;SILENCE
1861;258;106;BUS_OFF;IDLE;SILENCE
1862;258;106;BUS_OFF;IDLE;SILENCE
1863;258;106;BUS_OFF;IDLE;SILENCE
1864;258;106;BUS_OFF;IDLE;SILENCE
1865;258;106;BUS_OFF;IDLE;SILENCE
1866;258;106;BUS_OFF;IDLE;SILENCE
1867;258;106;BUS_OFF;IDLE;SILENCE
1868;258;106;BUS_OFF;IDLE;SILENCE
1869;258;106;BUS_OFF;IDLE;SILENCE
1870;258;106;BUS_OFF;IDLE;SILENCE
1871;258;106;BUS_OFF;IDLE;SILENCE
1872;258;106;BUS_OFF;IDLE;SILENCE
1873;258;106;BUS_OFF;IDLE;SILENCE
1874;258;106;BUS_OFF;IDLE;SILENCE
1875;258;106;BUS_OFF;IDLE;SILENCE
1876;258;106;BUS_OFF;IDLE;SILENCE
1877;258;106;BUS_OFF;IDLE;SILENCE
1878;258;106;BUS_OFF;IDLE;SILENCE
1879;258;106;BUS_OFF;IDLE;SILENCE
1880;258;106;BUS_OFF;IDLE;SILENCE
1881;258;106;BUS_OFF;IDLE;SILENCE
1882;258;106;BUS_OFF;IDLE;SILENCE
1883;258;106;BUS_OFF;IDLE;SILENCE
1884;258;106;BUS_OFF;IDLE;SILENCE
1885;258;106;BUS_OFF;IDLE;SILENCE
1886;258;106;BUS_OFF;IDLE;SILENCE
1887;258;106;BUS_OFF;IDLE;SILENCE
1888;258;106;BUS_OFF;IDLE;SILENCE
1889;258;106;BUS_OFF;IDLE;SILENCE
1890;258;106;BUS_OFF;IDLE;SILENCE
1891;258;106;BUS_OFF;IDLE;SILENCE
1892;258;106;BUS_OFF;IDLE;SILENCE
1893;258;106;BUS_OFF;IDLE;SILENCE
1894;258;106;BUS_OFF;IDLE;SILENCE
1895;258;106;BUS_OFF;IDLE;SILENCE
1896;258;106;BUS_OFF;IDLE;SILENCE
1897;258;106;BUS_OFF;IDLE;SILENCE
1898;258;106;BUS_OFF;IDLE;SILENCE
1899;258;106;BUS_OFF;IDLE;SILENCE
1900;258;106;BUS_OFF;IDLE;SILENCE
1901;258;106;BUS_OFF;IDLE;SILENCE
1902;258;106;BUS_OFF;IDLE;SILENCE
1903;258;106;BUS_OFF;IDLE;SILENCE
1904;258;106;BUS_OFF;IDLE;SILENCE
1905;258;106;BUS_OFF;IDLE;SILENCE
1906;258;106;BUS_OFF;IDLE;SILENCE
1907;258;106;BUS_OFF;IDLE;SILENCE
1908;258;106;BUS_OFF;IDLE;SILENCE
1909;258;106;BUS_OFF;IDLE;SILENCE
1910;258;106;BUS_OFF;IDLE;SILENCE
1911;258;106;BUS_OFF;IDLE;SILENCE
1912;258;106;BUS_OFF;IDLE;SILENCE
1913;258;106;BUS_OFF;IDLE;SILENCE
1914;258;106;BUS_OFF;IDLE;SILENCE
1915;258;106;BUS_OFF;IDLE;SILENCE
1916;258;106;BUS_OFF;IDLE;SILENCE
1917;258;106;BUS_OFF;IDLE;SILENCE
1918;258;106;BUS_OFF;IDLE;SILENCE
1919;258;106;BUS_OFF;IDLE;SILENCE
1920;258;106;BUS_OFF;IDLE;SILENCE
1921;258;106;BUS_OFF;IDLE;SILENCE
1922;258;106;BUS_OFF;IDLE;SILENCE
1923;258;106;BUS_OFF;IDLE;SILENCE
1924;258;106;BUS_OFF;IDLE;SILENCE
1925;258;106;BUS_OFF;IDLE;SILENCE
1926;258;106;BUS_OFF;IDLE;SILENCE
1927;258;106;BUS_OFF;IDLE;SILENCE
1928;258;106;BUS_OFF;IDLE;SILENCE
1929;258;106;BUS_OFF;IDLE;SILENCE
1930;258;106;BUS_OFF;IDLE;SILENCE
1931;258;106;BUS_OFF;IDLE;SILENCE
1932;258;106;BUS_OFF;IDLE;SILENCE
1933;258;106;BUS_OFF;IDLE;SILENCE
1934;258;106;BUS_OFF;IDLE;SILENCE
1935;258;106;BUS_OFF;IDLE;SILENCE
1936;258;106;BUS_OFF;IDLE;SILENCE
1937;258;106;BUS_OFF;IDLE;SILENCE
1938;258;106;BUS_OFF;IDLE;SILENCE
1939;258;106;BUS_OFF;IDLE;SILENCE
1940;258;106;BUS_OFF;IDLE;SILENCE
1941;258;106;BUS_OFF;IDLE;SILENCE
1942;258;106;BUS_OFF;IDLE;SILENCE
1943;258;106;BUS_OFF;IDLE;SILENCE
1944;258;106;BUS_OFF;IDLE;SILENCE
1945;258;106;BUS_OFF;IDLE;SILENCE
1946;258;106;BUS_OFF;IDLE;SILENCE
1947;258;106;BUS_OFF;IDLE;SILENCE
1948;258;106;BUS_OFF;IDLE;SILENCE
1949;258;106;BUS_OFF;IDLE;SILENCE
1950;258;106;BUS_OFF;IDLE;SILENCE
1951;258;106;BUS_OFF;IDLE;SILENCE
1952;258;106;BUS_OFF;IDLE;SILENCE
1953;258;106;BUS_OFF;IDLE;SILENCE
1954;258;106;BUS_OFF;IDLE;SILENCE
1955;258;106;BUS_OFF;IDLE;SILENCE
1956;258;106;BUS_OFF;IDLE;SILENCE
1957;258;106;BUS_OFF;IDLE;SILENCE
1958;258;106;BUS_OFF;IDLE;SILENCE
1959;258;106;BUS_OFF;IDLE;SILENCE
1960;258;106;BUS_OFF;IDLE;SILENCE
1961;258;106;BUS_OFF;IDLE;SILENCE
1962;258;106;BUS_OFF;IDLE;SILENCE
1963;258;106;BUS_OFF;IDLE;SILENCE
1964;258;106;BUS_OFF;IDLE;SILENCE
1965;258;106;BUS_OFF;IDLE;SILENCE
1966;258;106;BUS_OFF;IDLE;SILENCE
1967;258;106;BUS_OFF;IDLE;SILENCE
1968;258;106;BUS_OFF;IDLE;SILENCE
1969;258;106;BUS_OFF;IDLE;SILENCE
1970;258;106;BUS_OFF;IDLE;SILENCE
1971;258;106;BUS_OFF;IDLE;SILENCE
1972;258;106;BUS_OFF;IDLE;SILENCE
1973;258;106;BUS_OFF;IDLE;SILENCE
1974;258;106;BUS_OFF;IDLE;SILENCE
1975;258;106;BUS_OFF;IDLE;SILENCE
1976;258;106;BUS_OFF;IDLE;SILENCE
1977;258;106;BUS_OFF;IDLE;SILENCE
1978;258;106;BUS_OFF;IDLE;SILENCE
1979;258;106;BUS_OFF;IDLE;SILENCE
1980;258;106;BUS_OFF;IDLE;SILENCE
1981;258;106;BUS_OFF;IDLE;SILENCE
1982;258;106;BUS_OFF;IDLE;SILENCE
1983;258;106;BUS_OFF;IDLE;SILENCE
1984;258;106;BUS_OFF;IDLE;SILENCE
1985;258;106;BUS_OFF;IDLE;SILENCE
1986;258;106;BUS_OFF;IDLE;SILENCE
1987;258;106;BUS_OFF;IDLE;SILENCE
1988;258;106;BUS_OFF;IDLE;SILENCE
1989;258;106;BUS_OFF;IDLE;SILENCE
1990;258;106;BUS_OFF;IDLE;SILENCE
1991;258;106;BUS_OFF;IDLE;SILENCE
1992;258;106;BUS_OFF;IDLE;SILENCE
1993;258;106;BUS_OFF;IDLE;SILENCE
1994;258;106;BUS_OFF;IDLE;SILENCE
1995;258;106;BUS_OFF;IDLE;SILENCE
1996;258;106;BUS_OFF;IDLE;SILENCE
1997;258;106;BUS_OFF;IDLE;SILENCE
1998;258;106;BUS_OFF;IDLE;SILENCE
1999;258;106;BUS_OFF;IDLE;SILENCE
2000;258;106;BUS_OFF;IDLE;SILENCE
2001;258;106;BUS_OFF;IDLE;SILENCE
2002;258;106;BUS_OFF;IDLE;SILENCE
2003;258;106;BUS_OFF;IDLE;SILENCE
2004;258;106;BUS_OFF;IDLE;SILENCE
2005;258;106;BUS_OFF;IDLE;SILENCE
2006;258;106;BUS_OFF;IDLE;SILENCE
2007;258;106;BUS_OFF;IDLE;SILENCE
2008;258;106;BUS_OFF;IDLE;SILENCE
2009;258;106;BUS_OFF;IDLE;SILENCE
2010;258;106;BUS_OFF;IDLE;SILENCE
2011;258;106;BUS_OFF;IDLE;SILENCE
2012;258;106;BUS_OFF;IDLE;SILENCE
2013;258;106;BUS_OFF;IDLE;SILENCE
2014;258;106;BUS_OFF;IDLE;SILENCE
2015;258;106;BUS_OFF;IDLE;SILENCE
2016;258;106;BUS_OFF;IDLE;SILENCE
2017;258;106;BUS_OFF;IDLE;SILENCE
2018;258;106;BUS_OFF;IDLE;SILENCE
2019;258;106;BUS_OFF;IDLE;SILENCE
2020;258;106;BUS_OFF;IDLE;SILENCE
2021;258;106;BUS_OFF;IDLE;SILENCE
2022;258;106;BUS_OFF;IDLE;SILENCE
2023;258;106;BUS_OFF;IDLE;SILENCE
2024;258;106;BUS_OFF;IDLE;SILENCE
2025;258;106;BUS_OFF;IDLE;SILENCE
2026;258;106;BUS_OFF;IDLE;SILENCE
2027;258;106;BUS_OFF;IDLE;SILENCE
2028;258;106;BUS_OFF;IDLE;SILENCE
2029;258;106;BUS_OFF;IDLE;SILENCE
2030;258;106;BUS_OFF;IDLE;SILENCE
2031;258;106;BUS_OFF;IDLE;SILENCE
2032;258;106;BUS_OFF;IDLE;SILENCE
2033;258;106;BUS_OFF;IDLE;SILENCE
2034;258;106;BUS_OFF;IDLE;SILENCE
2035;258;106;BUS_OFF;IDLE;SILENCE
2036;258;106;BUS_OFF;IDLE;SILENCE
2037;258;106;BUS_OFF;IDLE;SILENCE
2038;258;106;BUS_OFF;IDLE;SILENCE
2039;258;106;BUS_OFF;IDLE;SILENCE
2040;258;106;BUS_OFF;IDLE;SILENCE
2041;258;106;BUS_OFF;IDLE;SILENCE
2042;258;106;BUS_OFF;IDLE;SILENCE
2043;258;106;BUS_OFF;IDLE;SILENCE
2044;258;106;BUS_OFF;IDLE;SILENCE
2045;258;106;BUS_OFF;IDLE;SILENCE
2046;258;106;BUS_OFF;IDLE;SILENCE
2047;258;106;BUS_OFF;IDLE;SILENCE
2048;258;106;BUS_OFF;IDLE;SILENCE
2049;258;106;BUS_OFF;IDLE;SILENCE
2050;258;106;BUS_OFF;IDLE;SILENCE
2051;258;106;BUS_OFF;IDLE;SILENCE
2052;258;106;BUS_OFF;IDLE;SILENCE
2053;258;106;BUS_OFF;IDLE;SILENCE
2054;258;106;BUS_OFF;IDLE;SILENCE
2055;258;106;BUS_OFF;IDLE;SILENCE
2056;258;106;BUS_OFF;IDLE;SILENCE
2057;258;106;BUS_OFF;IDLE;SILENCE
2058;258;106;BUS_OFF;IDLE;SILENCE
2059;258;106;BUS_OFF;IDLE;SILENCE
2060;258;106;BUS_OFF;IDLE;SILENCE
2061;258;106;BUS_OFF;IDLE;SILENCE
2062;258;106;BUS_OFF;IDLE;SILENCE
2063;258;106;BUS_OFF;IDLE;SILENCE
2064;258;106;BUS_OFF;IDLE;SILENCE
2065;258;106;BUS_OFF;IDLE;SILENCE
2066;258;106;BUS_OFF;IDLE;SILENCE
2067;258;106;BUS_OFF;IDLE;SILENCE
2068;258;106;BUS_OFF;IDLE;SILENCE
2069;258;106;BUS_OFF;IDLE;SILENCE
2070;258;106;BUS_OFF;IDLE;SILENCE
2071;258;106;BUS_OFF;IDLE;SILENCE
2072;258;106;BUS_OFF;IDLE;SILENCE
2073;258;106;BUS_OFF;IDLE;SILENCE
2074;258;106;BUS_OFF;IDLE;SILENCE
2075;258;106;BUS_OFF;IDLE;SILENCE
2076;258;106;BUS_OFF;IDLE;SILENCE
2077;258;106;BUS_OFF;IDLE;SILENCE
2078;258;106;BUS_OFF;IDLE;SILENCE
2079;258;106;BUS_OFF;IDLE;SILENCE
2080;258;106;BUS_OFF;IDLE;SILENCE
2081;258;106;BUS_OFF;IDLE;SILENCE
2082;258;106;BUS_OFF;IDLE;SILENCE
2083;258;106;BUS_OFF;IDLE;SILENCE
2084;258;106;BUS_OFF;IDLE;SILENCE
2085;258;106;BUS_OFF;IDLE;SILENCE
2086;258;106;BUS_OFF;IDLE;SILENCE
2087;258;106;BUS_OFF;IDLE;SILENCE
2088;258;106;BUS_OFF;IDLE;SILENCE
2089;258;106;BUS_OFF;IDLE;SILENCE
2090;258;106;BUS_OFF;IDLE;SILENCE
2091;258;106;BUS_OFF;IDLE;SILENCE
2092;258;106;BUS_OFF;IDLE;SILENCE
2093;258;106;BUS_OFF;IDLE;SILENCE
2094;258;106;BUS_OFF;IDLE;SILENCE
2095;258;106;BUS_OFF;IDLE;SILENCE
2096;258;106;BUS_OFF;IDLE;SILENCE
2097;258;106;BUS_OFF;IDLE;SILENCE
2098;258;106;BUS_OFF;IDLE;SILENCE
2099;258;106;BUS_OFF;IDLE;SILENCE
2100;258;106;BUS_OFF;IDLE;SILENCE
2101;258;106;BUS_OFF;IDLE;SILENCE
2102;258;106;BUS_OFF;IDLE;SILENCE
2103;258;106;BUS_OFF;IDLE;SILENCE
2104;258;106;BUS_OFF;IDLE;SILENCE
2105;258;106;BUS_OFF;IDLE;SILENCE
2106;258;106;BUS_OFF;IDLE;SILENCE
2107;258;106;BUS_OFF;IDLE;SILENCE
2108;258;106;BUS_OFF;IDLE;SILENCE
2109;258;106;BUS_OFF;IDLE;SILENCE
2110;258;106;BUS_OFF;IDLE;SILENCE
2111;258;106;BUS_OFF;IDLE;SILENCE
2112;258;106;BUS_OFF;IDLE;SILENCE
2113;258;106;BUS_OFF;IDLE;SILENCE
2114;258;106;BUS_OFF;IDLE;SILENCE
2115;258;106;BUS_OFF;IDLE;SILENCE
2116;258;106;BUS_OFF;IDLE;SILENCE
2117;258;106;BUS_OFF;IDLE;SILENCE
2118;258;106;BUS_OFF;IDLE;SILENCE
2119;258;106;BUS_OFF;IDLE;SILENCE
2120;258;106;BUS_OFF;IDLE;SILENCE
2121;258;106;BUS_OFF;IDLE;SILENCE
2122;258;106;BUS_OFF;IDLE;SILENCE
2123;258;106;BUS_OFF;IDLE;SILENCE
2124;258;106;BUS_OFF;IDLE;SILENCE
2125;258;106;BUS_OFF;IDLE;SILENCE
2126;258;106;BUS_OFF;IDLE;SILENCE
2127;258;106;BUS_OFF;IDLE;SILENCE
2128;258;106;BUS_OFF;IDLE;SILENCE
2129;258;106;BUS_OFF;IDLE;SILENCE
2130;258;106;BUS_OFF;IDLE;SILENCE
2131;258;106;BUS_OFF;IDLE;SILENCE
2132;258;106;BUS_OFF;IDLE;SILENCE
2133;258;106;BUS_OFF;IDLE;SILENCE
2134;258;106;BUS_OFF;IDLE;SILENCE
2135;258;106;BUS_OFF;IDLE;SILENCE
2136;258;106;BUS_OFF;IDLE;SILENCE
2137;258;106;BUS_OFF;IDLE;SILENCE
2138;258;106;BUS_OFF;IDLE;SILENCE
2139;258;106;BUS_OFF;IDLE;SILENCE
2140;258;106;BUS_OFF;IDLE;SILENCE
2141;258;106;BUS_OFF;IDLE;SILENCE
2142;258;106;BUS_OFF;IDLE;SILENCE
2143;258;106;BUS_OFF;IDLE;SILENCE
2144;258;106;BUS_OFF;IDLE;SILENCE
2145;258;106;BUS_OFF;IDLE;SILENCE
2146;258;106;BUS_OFF;IDLE;SILENCE
2147;258;106;BUS_OFF;IDLE;SILENCE
2148;258;106;BUS_OFF;IDLE;SILENCE
2149;258;106;BUS_OFF;IDLE;SILENCE
2150;258;106;BUS_OFF;IDLE;SILENCE
2151;258;106;BUS_OFF;IDLE;SILENCE
2152;258;106;BUS_OFF;IDLE;SILENCE
2153;258;106;BUS_OFF;IDLE;SILENCE
2154;258;106;BUS_OFF;IDLE;SILENCE
2155;258;106;BUS_OFF;IDLE;SILENCE
2156;258;106;BUS_OFF;IDLE;SILENCE
2157;258;106;BUS_OFF;IDLE;SILENCE
2158;258;106;BUS_OFF;IDLE;SILENCE
2159;258;106;BUS_OFF;IDLE;SILENCE
2160;258;106;BUS_OFF;IDLE;SILENCE
2161;258;106;BUS_OFF;IDLE;SILENCE
2162;258;106;BUS_OFF;IDLE;SILENCE
2163;258;106;BUS_OFF;IDLE;SILENCE
2164;258;106;BUS_OFF;IDLE;SILENCE
2165;258;106;BUS_OFF;IDLE;SILENCE
2166;258;106;BUS_OFF;IDLE;SILENCE
2167;258;106;BUS_OFF;IDLE;SILENCE
2168;258;106;BUS_OFF;IDLE;SILENCE
2169;258;106;BUS_OFF;IDLE;SILENCE
2170;258;106;BUS_OFF;IDLE;SILENCE
2171;258;106;BUS_OFF;IDLE;SILENCE
2172;258;106;BUS_OFF;IDLE;SILENCE
2173;258;106;BUS_OFF;IDLE;SILENCE
2174;258;106;BUS_OFF;IDLE;SILENCE
2175;258;106;BUS_OFF;IDLE;SILENCE
2176;258;106;BUS_OFF;IDLE;SILENCE
2177;258;106;BUS_OFF;IDLE;SILENCE
2178;258;106;BUS_OFF;IDLE;SILENCE
2179;258;106;BUS_OFF;IDLE;SILENCE
2180;258;106;BUS_OFF;IDLE;SILENCE
2181;258;106;BUS_OFF;IDLE;SILENCE
2182;258;106;BUS_OFF;IDLE;SILENCE
2183;258;106;BUS_OFF;IDLE;SILENCE
2184;258;106;BUS_OFF;IDLE;SILENCE
2185;258;106;BUS_OFF;IDLE;SILENCE
2186;258;106;BUS_OFF;IDLE;SILENCE
2187;258;106;BUS_OFF;IDLE;SILENCE
2188;258;106;BUS_OFF;IDLE;SILENCE
2189;258;106;BUS_OFF;IDLE;SILENCE
2190;258;106;BUS_OFF;IDLE;SILENCE
2191;258;106;BUS_OFF;IDLE;SILENCE
2192;258;106;BUS_OFF;IDLE;SILENCE
2193;258;106;BUS_OFF;IDLE;SILENCE
2194;258;106;BUS_OFF;IDLE;SILENCE
2195;258;106;BUS_OFF;IDLE;SILENCE
2196;258;106;BUS_OFF;IDLE;SILENCE
2197;258;106;BUS_OFF;IDLE;SILENCE
2198;258;106;BUS_OFF;IDLE;SILENCE
2199;258;106;BUS_OFF;IDLE;SILENCE
2200;258;106;BUS_OFF;IDLE;SILENCE
2201;258;106;BUS_OFF;IDLE;SILENCE
2202;258;106;BUS_OFF;IDLE;SILENCE
2203;258;106;BUS_OFF;IDLE;SILENCE
2204;258;106;BUS_OFF;IDLE;SILENCE
2205;258;106;BUS_OFF;IDLE;SILENCE
2206;258;106;BUS_OFF;IDLE;SILENCE
2207;258;106;BUS_OFF;IDLE;SILENCE
2208;258;106;BUS_OFF;IDLE;SILENCE
2209;258;106;BUS_OFF;IDLE;SILENCE
2210;258;106;BUS_OFF;IDLE;SILENCE
2211;258;106;BUS_OFF;IDLE;SILENCE
2212;258;106;BUS_OFF;IDLE;SILENCE
2213;258;106;BUS_OFF;IDLE;SILENCE
2214;258;106;BUS_OFF;IDLE;SILENCE
2215;258;106;BUS_OFF;IDLE;SILENCE
2216;258;106;BUS_OFF;IDLE;SILENCE
2217;258;106;BUS_OFF;IDLE;SILENCE
2218;258;106;BUS_OFF;IDLE;SILENCE
2219;258;106;BUS_OFF;IDLE;SILENCE
2220;258;106;BUS_OFF;IDLE;SILENCE
2221;258;106;BUS_OFF;IDLE;SILENCE
2222;258;106;BUS_OFF;IDLE;SILENCE
2223;258;106;BUS_OFF;IDLE;SILENCE
2224;258;106;BUS_OFF;IDLE;SILENCE
2225;258;106;BUS_OFF;IDLE;SILENCE
2226;258;106;BUS_OFF;IDLE;SILENCE
2227;258;106;BUS_OFF;IDLE;SILENCE
2228;258;106;BUS_OFF;IDLE;SILENCE
2229;258;106;BUS_OFF;IDLE;SILENCE
2230;258;106;BUS_OFF;IDLE;SILENCE
2231;258;106;BUS_OFF;IDLE;SILENCE
2232;258;106;BUS_OFF;IDLE;SILENCE
2233;258;106;BUS_OFF;IDLE;SILENCE
2234;258;106;BUS_OFF;IDLE;SILENCE
2235;258;106;BUS_OFF;IDLE;SILENCE
2236;258;106;BUS_OFF;IDLE;SILENCE
2237;258;106;BUS_OFF;IDLE;SILENCE
2238;258;106;BUS_OFF;IDLE;SILENCE
2239;258;106;BUS_OFF;IDLE;SILENCE
2240;258;106;BUS_OFF;IDLE;SILENCE
2241;258;106;BUS_OFF;IDLE;SILENCE
2242;258;106;BUS_OFF;IDLE;SILENCE
2243;258;106;BUS_OFF;IDLE;SILENCE
2244;258;106;BUS_OFF;IDLE;SILENCE
2245;258;106;BUS_OFF;IDLE;SILENCE
2246;258;106;BUS_OFF;IDLE;SILENCE
2247;258;106;BUS_OFF;IDLE;SILENCE
2248;258;106;BUS_OFF;IDLE;SILENCE
2249;258;106;BUS_OFF;IDLE;SILENCE
2250;258;106;BUS_OFF;IDLE;SILENCE
2251;258;106;BUS_OFF;IDLE;SILENCE
2252;258;106;BUS_OFF;IDLE;SILENCE
2253;258;106;BUS_OFF;IDLE;SILENCE
2254;258;106;BUS_OFF;IDLE;SILENCE
2255;258;106;BUS_OFF;IDLE;SILENCE
2256;258;106;BUS_OFF;IDLE;SILENCE
2257;258;106;BUS_OFF;IDLE;SILENCE
2258;258;106;BUS_OFF;IDLE;SILENCE
2259;258;106;BUS_OFF;IDLE;SILENCE
2260;258;106;BUS_OFF;IDLE;SILENCE
2261;258;106;BUS_OFF;IDLE;SILENCE
2262;258;106;BUS_OFF;IDLE;SILENCE
2263;258;106;BUS_OFF;IDLE;SILENCE
2264;258;106;BUS_OFF;IDLE;SILENCE
2265;258;106;BUS_OFF;IDLE;SILENCE
2266;258;106;BUS_OFF;IDLE;SILENCE
2267;258;106;BUS_OFF;IDLE;SILENCE
2268;258;106;BUS_OFF;IDLE;SILENCE
2269;258;106;BUS_OFF;IDLE;SILENCE
2270;258;106;BUS_OFF;IDLE;SILENCE
2271;258;106;BUS_OFF;IDLE;SILENCE
2272;258;106;BUS_OFF;IDLE;SILENCE
2273;258;106;BUS_OFF;IDLE;SILENCE
2274;258;106;BUS_OFF;IDLE;SILENCE
2275;258;106;BUS_OFF;IDLE;SILENCE
2276;258;106;BUS_OFF;IDLE;SILENCE
2277;258;106;BUS_OFF;IDLE;SILENCE
2278;258;106;BUS_OFF;IDLE;SILENCE
2279;258;106;BUS_OFF;IDLE;SILENCE
2280;258;106;BUS_OFF;IDLE;SILENCE
2281;258;106;BUS_OFF;IDLE;SILENCE
2282;258;106;BUS_OFF;IDLE;SILENCE
2283;258;106;BUS_OFF;IDLE;SILENCE
2284;258;106;BUS_OFF;IDLE;SILENCE
2285;258;106;BUS_OFF;IDLE;SILENCE
2286;258;106;BUS_OFF;IDLE;SILENCE
2287;258;106;BUS_OFF;IDLE;SILENCE
2288;258;106;BUS_OFF;IDLE;SILENCE
2289;258;106;BUS_OFF;IDLE;SILENCE
2290;258;106;BUS_OFF;IDLE;SILENCE
2291;258;106;BUS_OFF;IDLE;SILENCE
2292;258;106;BUS_OFF;IDLE;SILENCE
2293;258;106;BUS_OFF;IDLE;SILENCE
2294;258;106;BUS_OFF;IDLE;SILENCE
2295;258;106;BUS_OFF;IDLE;SILENCE
2296;258;106;BUS_OFF;IDLE;SILENCE
2297;258;106;BUS_OFF;IDLE;SILENCE
2298;258;106;BUS_OFF;IDLE;SILENCE
2299;258;106;BUS_OFF;IDLE;SILENCE
2300;258;106;BUS_OFF;IDLE;SILENCE
2301;258;106;BUS_OFF;IDLE;SILENCE
2302;258;106;BUS_OFF;IDLE;SILENCE
2303;258;106;BUS_OFF;IDLE;SILENCE
2304;258;106;BUS_OFF;IDLE;SILENCE
2305;258;106;BUS_OFF;IDLE;SILENCE
2306;258;106;BUS_OFF;IDLE;SILENCE
2307;258;106;BUS_OFF;IDLE;SILENCE
2308;258;106;BUS_OFF;IDLE;SILENCE
2309;258;106;BUS_OFF;IDLE;SILENCE
2310;258;106;BUS_OFF;IDLE;SILENCE
2311;258;106;BUS_OFF;IDLE;SILENCE
2312;258;106;BUS_OFF;IDLE;SILENCE
2313;258;106;BUS_OFF;IDLE;SILENCE
2314;258;106;BUS_OFF;IDLE;SILENCE
2315;258;106;BUS_OFF;IDLE;SILENCE
2316;258;106;BUS_OFF;IDLE;SILENCE
2317;258;106;BUS_OFF;IDLE;SILENCE
2318;258;106;BUS_OFF;IDLE;SILENCE
2319;258;106;BUS_OFF;IDLE;SILENCE
2320;258;106;BUS_OFF;IDLE;SILENCE
2321;258;106;BUS_OFF;IDLE;SILENCE
2322;258;106;BUS_OFF;IDLE;SILENCE
2323;258;106;BUS_OFF;IDLE;SILENCE
2324;258;106;BUS_OFF;IDLE;SILENCE
2325;258;106;BUS_OFF;IDLE;SILENCE
2326;258;106;BUS_OFF;IDLE;SILENCE
2327;258;106;BUS_OFF;IDLE;SILENCE
2328;258;106;BUS_OFF;IDLE;SILENCE
2329;258;106;BUS_OFF;IDLE;SILENCE
2330;258;106;BUS_OFF;IDLE;SILENCE
2331;258;106;BUS_OFF;IDLE;SILENCE
2332;258;106;BUS_OFF;IDLE;SILENCE
2333;258;106;BUS_OFF;IDLE;SILENCE
2334;258;106;BUS_OFF;IDLE;SILENCE
2335;258;106;BUS_OFF;IDLE;SILENCE
2336;258;106;BUS_OFF;IDLE;SILENCE
2337;258;106;BUS_OFF;IDLE;SILENCE
2338;258;106;BUS_OFF;IDLE;SILENCE
2339;258;106;BUS_OFF;IDLE;SILENCE
2340;258;106;BUS_OFF;IDLE;SILENCE
2341;258;106;BUS_OFF;IDLE;SILENCE
2342;258;106;BUS_OFF;IDLE;SILENCE
2343;258;106;BUS_OFF;IDLE;SILENCE
2344;258;106;BUS_OFF;IDLE;SILENCE
2345;258;106;BUS_OFF;IDLE;SILENCE
2346;258;106;BUS_OFF;IDLE;SILENCE
2347;258;106;BUS_OFF;IDLE;SILENCE
2348;258;106;BUS_OFF;IDLE;SILENCE
2349;258;106;BUS_OFF;IDLE;SILENCE
2350;258;106;BUS_OFF;IDLE;SILENCE
2351;258;106;BUS_OFF;IDLE;SILENCE
2352;258;106;BUS_OFF;IDLE;SILENCE
2353;258;106;BUS_OFF;IDLE;SILENCE
2354;258;106;BUS_OFF;IDLE;SILENCE
2355;258;106;BUS_OFF;IDLE;SILENCE
2356;258;106;BUS_OFF;IDLE;SILENCE
2357;258;106;BUS_OFF;IDLE;SILENCE
2358;258;106;BUS_OFF;IDLE;SILENCE
2359;258;106;BUS_OFF;IDLE;SILENCE
2360;258;106;BUS_OFF;IDLE;SILENCE
2361;258;106;BUS_OFF;IDLE;SILENCE
2362;258;106;BUS_OFF;IDLE;SILENCE
2363;258;106;BUS_OFF;IDLE;SILENCE
2364;258;106;BUS_OFF;IDLE;SILENCE
2365;258;106;BUS_OFF;IDLE;SILENCE
2366;258;106;BUS_OFF;IDLE;SILENCE
2367;258;106;BUS_OFF;IDLE;SILENCE
2368;258;106;BUS_OFF;IDLE;SILENCE
2369;258;106;BUS_OFF;IDLE;SILENCE
2370;258;106;BUS_OFF;IDLE;SILENCE
2371;258;106;BUS_OFF;IDLE;SILENCE
2372;258;106;BUS_OFF;IDLE;SILENCE
2373;258;106;BUS_OFF;IDLE;SILENCE
2374;258;106;BUS_OFF;IDLE;SILENCE
2375;258;106;BUS_OFF;IDLE;SILENCE
2376;258;106;BUS_OFF;IDLE;SILENCE
2377;258;106;BUS_OFF;IDLE;SILENCE
2378;258;106;BUS_OFF;IDLE;SILENCE
2379;258;106;BUS_OFF;IDLE;SILENCE
2380;258;106;BUS_OFF;IDLE;SILENCE
2381;258;106;BUS_OFF;IDLE;SILENCE
2382;258;106;BUS_OFF;IDLE;SILENCE
2383;258;106;BUS_OFF;IDLE;SILENCE
2384;258;106;BUS_OFF;IDLE;SILENCE
2385;258;106;BUS_OFF;IDLE;SILENCE
2386;258;106;BUS_OFF;IDLE;SILENCE
2387;258;106;BUS_OFF;IDLE;SILENCE
2388;258;106;BUS_OFF;IDLE;SILENCE
2389;258;106;BUS_OFF;IDLE;SILENCE
2390;258;106;BUS_OFF;IDLE;SILENCE
2391;258;106;BUS_OFF;IDLE;SILENCE
2392;258;106;BUS_OFF;IDLE;SILENCE
2393;258;106;BUS_OFF;IDLE;SILENCE
2394;258;106;BUS_OFF;IDLE;SILENCE
2395;258;106;BUS_OFF;IDLE;SILENCE
2396;258;106;BUS_OFF;IDLE;SILENCE
2397;258;106;BUS_OFF;IDLE;SILENCE
2398;258;106;BUS_OFF;IDLE;SILENCE
2399;258;106;BUS_OFF;IDLE;SILENCE
2400;258;106;BUS_OFF;IDLE;SILENCE
2401;258;106;BUS_OFF;IDLE;SILENCE
2402;258;106;BUS_OFF;IDLE;SILENCE
2403;258;106;BUS_OFF;IDLE;SILENCE
2404;258;106;BUS_OFF;IDLE;SILENCE
2405;258;106;BUS_OFF;IDLE;SILENCE
2406;258;106;BUS_OFF;IDLE;SILENCE
2407;258;106;BUS_OFF;IDLE;SILENCE
2408;258;106;BUS_OFF;IDLE;SILENCE
2409;258;106;BUS_OFF;IDLE;SILENCE
2410;258;106;BUS_OFF;IDLE;SILENCE
2411;258;106;BUS_OFF;IDLE;SILENCE
2412;258;106;BUS_OFF;IDLE;SILENCE
2413;258;106;BUS_OFF;IDLE;SILENCE
2414;258;106;BUS_OFF;IDLE;SILENCE
2415;258;106;BUS_OFF;IDLE;SILENCE
2416;258;106;BUS_OFF;IDLE;SILENCE
2417;258;106;BUS_OFF;IDLE;SILENCE
2418;258;106;BUS_OFF;IDLE;SILENCE
2419;258;106;BUS_OFF;IDLE;SILENCE
2420;258;106;BUS_OFF;IDLE;SILENCE
2421;258;106;BUS_OFF;IDLE;SILENCE
2422;258;106;BUS_OFF;IDLE;SILENCE
2423;258;106;BUS_OFF;IDLE;SILENCE
2424;258;106;BUS_OFF;IDLE;SILENCE
2425;258;106;BUS_OFF;IDLE;SILENCE
2426;258;106;BUS_OFF;IDLE;SILENCE
2427;258;106;BUS_OFF;IDLE;SILENCE
2428;258;106;BUS_OFF;IDLE;SILENCE
2429;258;106;BUS_OFF;IDLE;SILENCE
2430;258;106;BUS_OFF;IDLE;SILENCE
2431;258;106;BUS_OFF;IDLE;SILENCE
2432;258;106;BUS_OFF;IDLE;SILENCE
2433;258;106;BUS_OFF;IDLE;SILENCE
2434;258;106;BUS_OFF;IDLE;SILENCE
2435;258;106;BUS_OFF;IDLE;SILENCE
2436;258;106;BUS_OFF;IDLE;SILENCE
2437;258;106;BUS_OFF;IDLE;SILENCE
2438;258;106;BUS_OFF;IDLE;SILENCE
2439;258;106;BUS_OFF;IDLE;SILENCE
2440;258;106;BUS_OFF;IDLE;SILENCE
2441;258;106;BUS_OFF;IDLE;SILENCE
2442;258;106;BUS_OFF;IDLE;SILENCE
2443;258;106;BUS_OFF;IDLE;SILENCE
2444;258;106;BUS_OFF;IDLE;SILENCE
2445;258;106;BUS_OFF;IDLE;SILENCE
2446;258;106;BUS_OFF;IDLE;SILENCE
2447;258;106;BUS_OFF;IDLE;SILENCE
2448;258;106;BUS_OFF;IDLE;SILENCE
2449;258;106;BUS_OFF;IDLE;SILENCE
2450;258;106;BUS_OFF;IDLE;SILENCE
2451;258;106;BUS_OFF;IDLE;SILENCE
2452;258;106;BUS_OFF;IDLE;SILENCE
2453;258;106;BUS_OFF;IDLE;SILENCE
2454;258;106;BUS_OFF;IDLE;SILENCE
2455;258;106;BUS_OFF;IDLE;SILENCE
2456;258;106;BUS_OFF;IDLE;SILENCE
2457;258;106;BUS_OFF;IDLE;SILENCE
2458;258;106;BUS_OFF;IDLE;SILENCE
2459;258;106;BUS_OFF;IDLE;SILENCE
2460;258;106;BUS_OFF;IDLE;SILENCE
2461;258;106;BUS_OFF;IDLE;SILENCE
2462;258;106;BUS_OFF;IDLE;SILENCE
2463;258;106;BUS_OFF;IDLE;SILENCE
2464;258;106;BUS_OFF;IDLE;SILENCE
2465;258;106;BUS_OFF;IDLE;SILENCE
2466;258;106;BUS_OFF;IDLE;SILENCE
2467;258;106;BUS_OFF;IDLE;SILENCE
2468;258;106;BUS_OFF;IDLE;SILENCE
2469;258;106;BUS_OFF;IDLE;SILENCE
2470;258;106;BUS_OFF;IDLE;SILENCE
2471;258;106;BUS_OFF;IDLE;SILENCE
2472;258;106;BUS_OFF;IDLE;SILENCE
2473;258;106;BUS_OFF;IDLE;SILENCE
2474;258;106;BUS_OFF;IDLE;SILENCE
2475;258;106;BUS_OFF;IDLE;SILENCE
2476;258;106;BUS_OFF;IDLE;SILENCE
2477;258;106;BUS_OFF;IDLE;SILENCE
2478;258;106;BUS_OFF;IDLE;SILENCE
2479;258;106;BUS_OFF;IDLE;SILENCE
2480;258;106;BUS_OFF;IDLE;SILENCE
2481;258;106;BUS_OFF;IDLE;SILENCE
2482;258;106;BUS_OFF;IDLE;SILENCE
2483;258;106;BUS_OFF;IDLE;SILENCE
2484;258;106;BUS_OFF;IDLE;SILENCE
2485;258;106;BUS_OFF;IDLE;SILENCE
2486;258;106;BUS_OFF;IDLE;SILENCE
2487;258;106;BUS_OFF;IDLE;SILENCE
2488;258;106;BUS_OFF;IDLE;SILENCE
2489;258;106;BUS_OFF;IDLE;SILENCE
2490;258;106;BUS_OFF;IDLE;SILENCE
2491;258;106;BUS_OFF;IDLE;SILENCE
2492;258;106;BUS_OFF;IDLE;SILENCE
2493;258;106;BUS_OFF;IDLE;SILENCE
2494;258;106;BUS_OFF;IDLE;SILENCE
2495;258;106;BUS_OFF;IDLE;SILENCE
2496;258;106;BUS_OFF;IDLE;SILENCE
2497;258;106;BUS_OFF;IDLE;SILENCE
2498;258;106;BUS_OFF;IDLE;SILENCE
2499;258;106;BUS_OFF;IDLE;SILENCE
